id_tempo,mes,ano,anomes_formatado
1009,11,2022,11/2022
1010,12,2022,12/2022
1011,0,2023,00/2023
1012,14,2023,14/2023
1013,13,2023,13/2023
1014,1,2023,01/2023
1015,2,2023,02/2023
1016,3,2023,03/2023
1017,4,2023,04/2023
1018,5,2023,05/2023
1019,6,2023,06/2023
1020,7,2023,07/2023
1021,8,2023,08/2023
1022,9,2023,09/2023
1023,10,2023,10/2023
1024,11,2023,11/2023
1025,12,2023,12/2023
1026,0,2024,00/2024
1027,14,2024,14/2024
1028,13,2024,13/2024
1029,1,2024,01/2024
1030,2,2024,02/2024
1031,3,2024,03/2024
1032,4,2024,04/2024
1033,5,2024,05/2024
1034,3,2046,03/2046
1035,4,2046,04/2046
1036,5,2046,05/2046
1037,6,2046,06/2046
1038,7,2046,07/2046
1039,8,2046,08/2046
1040,9,2046,09/2046
1041,0,2047,00/2047
1042,10,2046,10/2046
1043,11,2046,11/2046
1044,12,2046,12/2046
1045,14,2047,14/2047
1046,13,2047,13/2047
1047,1,2047,01/2047
1048,2,2047,02/2047
1049,3,2047,03/2047
1050,4,2047,04/2047
1051,5,2047,05/2047
1052,6,2047,06/2047
1053,7,2047,07/2047
1054,8,2047,08/2047
1055,9,2047,09/2047
1056,10,2047,10/2047
1057,11,2047,11/2047
1058,12,2047,12/2047
1059,0,2048,00/2048
1060,14,2048,14/2048
1061,13,2048,13/2048
1062,1,2048,01/2048
1063,2,2048,02/2048
1064,3,2048,03/2048
1065,4,2048,04/2048
1066,5,2048,05/2048
1067,6,2048,06/2048
1068,7,2048,07/2048
1069,8,2048,08/2048
1070,9,2048,09/2048
1071,10,2048,10/2048
1072,11,2048,11/2048
1073,12,2048,12/2048
1074,0,2049,00/2049
1075,14,2049,14/2049
1076,13,2049,13/2049
1077,1,2049,01/2049
1078,2,2049,02/2049
1079,3,2049,03/2049
1080,4,2049,04/2049
1081,5,2049,05/2049
1082,6,2049,06/2049
1083,7,2049,07/2049
1084,8,2049,08/2049
1085,9,2049,09/2049
1086,10,2049,10/2049
1087,11,2049,11/2049
1088,12,2049,12/2049
1089,0,2050,00/2050
1090,14,2050,14/2050
1091,13,2050,13/2050
1092,1,2050,01/2050
1093,2,2050,02/2050
1094,3,2050,03/2050
1095,4,2050,04/2050
1096,5,2050,05/2050
1097,6,2050,06/2050
1098,7,2050,07/2050
1099,8,2050,08/2050
1100,9,2050,09/2050
1101,10,2050,10/2050
1102,11,2050,11/2050
1103,12,2050,12/2050
1104,5,1934,05/1934
1105,0,1935,00/1935
1106,6,1934,06/1934
1107,7,1934,07/1934
1108,8,1934,08/1934
1109,9,1934,09/1934
1110,10,1934,10/1934
1111,11,1934,11/1934
1112,12,1934,12/1934
1113,14,1935,14/1935
1114,13,1935,13/1935
1115,1,1935,01/1935
1116,2,1935,02/1935
1117,3,1935,03/1935
1118,4,1935,04/1935
1119,5,1935,05/1935
1120,6,1935,06/1935
1121,7,1935,07/1935
1122,8,1935,08/1935
1123,9,1935,09/1935
1124,10,1935,10/1935
1125,11,1935,11/1935
1126,12,1935,12/1935
1127,0,1936,00/1936
1128,14,1936,14/1936
1129,13,1936,13/1936
1130,1,1936,01/1936
1131,2,1936,02/1936
1132,3,1936,03/1936
1133,4,1936,04/1936
1134,5,1936,05/1936
1135,6,1936,06/1936
1136,7,1936,07/1936
1137,8,1936,08/1936
1138,9,1936,09/1936
1139,10,1936,10/1936
1140,11,1936,11/1936
1141,12,1936,12/1936
1142,0,1937,00/1937
1143,14,1937,14/1937
1144,13,1937,13/1937
1145,1,1937,01/1937
1146,2,1937,02/1937
1147,3,1937,03/1937
1148,4,1937,04/1937
1149,5,1937,05/1937
1150,6,1937,06/1937
1151,7,1937,07/1937
1152,8,1937,08/1937
1153,9,1937,09/1937
1154,10,1937,10/1937
1155,11,1937,11/1937
1156,12,1937,12/1937
1157,0,1938,00/1938
1158,14,1938,14/1938
1159,13,1938,13/1938
1160,1,1938,01/1938
1161,2,1938,02/1938
1162,3,1938,03/1938
1163,6,2024,06/2024
1164,7,2024,07/2024
1165,8,2024,08/2024
1166,9,2024,09/2024
1167,10,2024,10/2024
1168,11,2024,11/2024
1169,12,2024,12/2024
1170,0,2025,00/2025
1171,14,2025,14/2025
1172,13,2025,13/2025
1173,1,2025,01/2025
1174,2,2025,02/2025
1175,3,2025,03/2025
1176,4,2025,04/2025
1177,5,2025,05/2025
1178,6,2025,06/2025
1179,7,2025,07/2025
1180,8,2025,08/2025
1181,9,2025,09/2025
1182,10,2025,10/2025
1183,11,2025,11/2025
1184,12,2025,12/2025
1185,0,2026,00/2026
1186,14,2026,14/2026
1187,13,2026,13/2026
1188,1,2026,01/2026
1189,2,2026,02/2026
1190,3,2026,03/2026
1191,4,2026,04/2026
1192,5,2026,05/2026
1193,6,2026,06/2026
1194,7,2026,07/2026
1195,8,2026,08/2026
1196,9,2026,09/2026
1197,10,2026,10/2026
1198,11,2026,11/2026
1199,12,2026,12/2026
1200,0,2027,00/2027
1201,14,2027,14/2027
1202,13,2027,13/2027
1203,1,2027,01/2027
1204,2,2027,02/2027
1205,3,2027,03/2027
1206,4,2027,04/2027
1207,5,2027,05/2027
1208,6,2027,06/2027
1209,7,2027,07/2027
1210,8,2027,08/2027
1211,9,2027,09/2027
1212,10,2027,10/2027
1213,11,2027,11/2027
1214,12,2027,12/2027
1215,0,2028,00/2028
1216,14,2028,14/2028
1217,13,2028,13/2028
1218,1,2028,01/2028
1219,2,2028,02/2028
1220,3,2028,03/2028
1221,4,2028,04/2028
1222,5,2028,05/2028
1223,6,2028,06/2028
1224,7,2028,07/2028
1225,8,2028,08/2028
1226,9,2028,09/2028
1227,10,2028,10/2028
1228,11,2028,11/2028
1229,12,2028,12/2028
1230,0,2029,00/2029
1231,14,2029,14/2029
1232,0,1900,00/1900
1233,14,1900,14/1900
1234,8,1955,08/1955
1235,9,1955,09/1955
1236,10,1955,10/1955
1237,11,1955,11/1955
1238,12,1955,12/1955
1239,0,1956,00/1956
1240,14,1956,14/1956
1241,13,1956,13/1956
1242,1,1956,01/1956
1243,2,1956,02/1956
1244,3,1956,03/1956
1245,4,1956,04/1956
1246,5,1956,05/1956
1247,6,1956,06/1956
1248,7,1956,07/1956
1249,8,1956,08/1956
1250,9,1956,09/1956
1251,10,1956,10/1956
1252,11,1956,11/1956
1253,12,1956,12/1956
1254,0,1957,00/1957
1255,14,1957,14/1957
1256,13,1957,13/1957
1257,1,1957,01/1957
1258,2,1957,02/1957
1259,3,1957,03/1957
1,0,1918,00/1918
2,2,1917,02/1917
3,3,1917,03/1917
4,4,1917,04/1917
5,5,1917,05/1917
6,6,1917,06/1917
7,7,1917,07/1917
8,8,1917,08/1917
9,9,1917,09/1917
10,10,1917,10/1917
11,11,1917,11/1917
12,12,1917,12/1917
13,14,1918,14/1918
14,13,1918,13/1918
15,1,1918,01/1918
16,2,1918,02/1918
17,3,1918,03/1918
18,4,1918,04/1918
19,5,1918,05/1918
20,6,1918,06/1918
21,7,1918,07/1918
22,8,1918,08/1918
23,9,1918,09/1918
24,10,1918,10/1918
25,11,1918,11/1918
26,12,1918,12/1918
27,0,1919,00/1919
28,14,1919,14/1919
29,13,1919,13/1919
30,1,1919,01/1919
31,2,1919,02/1919
32,3,1919,03/1919
33,4,1919,04/1919
34,5,1919,05/1919
35,6,1919,06/1919
36,7,1919,07/1919
37,8,1919,08/1919
38,9,1919,09/1919
39,10,1919,10/1919
40,11,1919,11/1919
41,12,1919,12/1919
42,0,1920,00/1920
43,14,1920,14/1920
44,13,1920,13/1920
45,1,1920,01/1920
46,2,1920,02/1920
47,3,1920,03/1920
48,4,1920,04/1920
49,5,1920,05/1920
50,6,1920,06/1920
51,7,1920,07/1920
52,8,1920,08/1920
53,9,1920,09/1920
54,10,1920,10/1920
55,11,1920,11/1920
56,12,1920,12/1920
57,0,1921,00/1921
58,14,1921,14/1921
59,13,1921,13/1921
60,1,1921,01/1921
61,2,1921,02/1921
62,3,1921,03/1921
63,4,1921,04/1921
64,5,1921,05/1921
65,6,1921,06/1921
66,7,1921,07/1921
67,8,1921,08/1921
68,9,1921,09/1921
69,10,1921,10/1921
70,11,1921,11/1921
71,12,1921,12/1921
72,0,1922,00/1922
73,14,1922,14/1922
74,13,1922,13/1922
75,1,1922,01/1922
76,2,1922,02/1922
77,3,1922,03/1922
78,4,1922,04/1922
79,5,1922,05/1922
80,6,1922,06/1922
81,7,1922,07/1922
82,8,1922,08/1922
83,9,1922,09/1922
84,10,1922,10/1922
85,11,1922,11/1922
86,12,1922,12/1922
87,0,1923,00/1923
88,14,1923,14/1923
89,13,1923,13/1923
90,1,1923,01/1923
91,2,1923,02/1923
92,3,1923,03/1923
93,4,1923,04/1923
94,5,1923,05/1923
95,6,1923,06/1923
96,7,1923,07/1923
97,8,1923,08/1923
98,9,1923,09/1923
99,10,1923,10/1923
100,11,1923,11/1923
101,12,1923,12/1923
102,0,1924,00/1924
103,14,1924,14/1924
104,13,1924,13/1924
105,1,1924,01/1924
106,2,1924,02/1924
107,3,1924,03/1924
108,4,1924,04/1924
109,5,1924,05/1924
110,6,1924,06/1924
111,7,1924,07/1924
112,8,1924,08/1924
113,9,1924,09/1924
114,10,1924,10/1924
115,11,1924,11/1924
116,12,1924,12/1924
117,0,1925,00/1925
118,14,1925,14/1925
119,13,1925,13/1925
120,1,1925,01/1925
121,2,1925,02/1925
122,3,1925,03/1925
123,4,1925,04/1925
124,5,1925,05/1925
125,6,1925,06/1925
126,7,1925,07/1925
127,8,1925,08/1925
128,9,1925,09/1925
129,10,1925,10/1925
130,13,1990,13/1990
131,1,1990,01/1990
132,2,1990,02/1990
133,3,1990,03/1990
134,4,1990,04/1990
135,5,1990,05/1990
136,6,1990,06/1990
137,7,1990,07/1990
138,8,1990,08/1990
139,9,1990,09/1990
140,10,1990,10/1990
141,11,1990,11/1990
142,12,1990,12/1990
143,0,1991,00/1991
144,14,1991,14/1991
145,13,1991,13/1991
146,1,1991,01/1991
147,2,1991,02/1991
148,3,1991,03/1991
149,4,1991,04/1991
150,5,1991,05/1991
151,6,1991,06/1991
152,7,1991,07/1991
153,8,1991,08/1991
154,9,1991,09/1991
155,10,1991,10/1991
156,11,1991,11/1991
157,12,1991,12/1991
158,0,1992,00/1992
159,14,1992,14/1992
160,13,1992,13/1992
161,1,1992,01/1992
162,2,1992,02/1992
163,3,1992,03/1992
164,4,1992,04/1992
165,5,1992,05/1992
166,6,1992,06/1992
167,7,1992,07/1992
168,8,1992,08/1992
169,9,1992,09/1992
170,10,1992,10/1992
171,11,1992,11/1992
172,12,1992,12/1992
173,0,1993,00/1993
174,14,1993,14/1993
175,13,1993,13/1993
176,1,1993,01/1993
177,2,1993,02/1993
178,3,1993,03/1993
179,4,1993,04/1993
180,5,1993,05/1993
181,6,1993,06/1993
182,7,1993,07/1993
183,8,1993,08/1993
184,9,1993,09/1993
185,10,1993,10/1993
186,11,1993,11/1993
187,12,1993,12/1993
188,0,1994,00/1994
189,14,1994,14/1994
190,13,1994,13/1994
191,1,1994,01/1994
192,2,1994,02/1994
193,3,1994,03/1994
194,4,1994,04/1994
195,5,1994,05/1994
196,6,1994,06/1994
197,7,1994,07/1994
198,8,1994,08/1994
199,5,1981,05/1981
200,6,1981,06/1981
201,7,1981,07/1981
202,8,1981,08/1981
203,9,1981,09/1981
204,10,1981,10/1981
205,11,1981,11/1981
206,12,1981,12/1981
207,0,1982,00/1982
208,14,1982,14/1982
209,13,1982,13/1982
210,1,1982,01/1982
211,2,1982,02/1982
212,3,1982,03/1982
213,4,1982,04/1982
214,5,1982,05/1982
215,6,1982,06/1982
216,7,1982,07/1982
217,8,1982,08/1982
218,9,1982,09/1982
219,10,1982,10/1982
220,11,1982,11/1982
221,12,1982,12/1982
222,0,1983,00/1983
223,14,1983,14/1983
224,13,1983,13/1983
225,1,1983,01/1983
226,2,1983,02/1983
227,3,1983,03/1983
228,4,1983,04/1983
229,5,1983,05/1983
230,6,1983,06/1983
231,7,1983,07/1983
232,8,1983,08/1983
233,9,1983,09/1983
234,10,1983,10/1983
235,11,1983,11/1983
236,12,1983,12/1983
237,0,1984,00/1984
238,14,1984,14/1984
239,13,1984,13/1984
240,1,1984,01/1984
241,2,1984,02/1984
242,3,1984,03/1984
243,4,1984,04/1984
244,5,1984,05/1984
245,6,1984,06/1984
246,7,1984,07/1984
247,8,1984,08/1984
248,9,1984,09/1984
249,10,1984,10/1984
250,11,1984,11/1984
251,12,1984,12/1984
252,0,1985,00/1985
253,14,1985,14/1985
254,13,1985,13/1985
255,1,1985,01/1985
256,2,1985,02/1985
257,3,1985,03/1985
258,4,1985,04/1985
259,5,1985,05/1985
260,6,1985,06/1985
261,7,1985,07/1985
262,8,1985,08/1985
263,9,1985,09/1985
264,10,1985,10/1985
265,11,1985,11/1985
266,12,1985,12/1985
267,0,1986,00/1986
268,14,1986,14/1986
269,13,1986,13/1986
270,1,1986,01/1986
271,2,1986,02/1986
272,14,1987,14/1987
273,3,1986,03/1986
274,4,1986,04/1986
275,5,1986,05/1986
276,6,1986,06/1986
277,7,1986,07/1986
278,8,1986,08/1986
279,9,1986,09/1986
280,10,1986,10/1986
281,11,1986,11/1986
282,12,1986,12/1986
283,0,1987,00/1987
284,13,1987,13/1987
285,1,1987,01/1987
286,2,1987,02/1987
287,3,1987,03/1987
288,4,1987,04/1987
289,5,1987,05/1987
290,6,1987,06/1987
291,7,1987,07/1987
292,8,1987,08/1987
293,9,1987,09/1987
294,10,1987,10/1987
295,11,1987,11/1987
296,12,1987,12/1987
297,0,1988,00/1988
298,14,1988,14/1988
299,13,1988,13/1988
300,1,1988,01/1988
301,2,1988,02/1988
302,3,1988,03/1988
303,4,1988,04/1988
304,5,1988,05/1988
305,6,1988,06/1988
306,7,1988,07/1988
307,8,1988,08/1988
308,9,1988,09/1988
309,10,1988,10/1988
310,11,1988,11/1988
311,12,1988,12/1988
312,0,1989,00/1989
313,14,1989,14/1989
314,13,1989,13/1989
315,1,1989,01/1989
316,2,1989,02/1989
317,3,1989,03/1989
318,4,1989,04/1989
319,5,1989,05/1989
320,6,1989,06/1989
321,7,1989,07/1989
322,8,1989,08/1989
323,9,1989,09/1989
324,10,1989,10/1989
325,11,1989,11/1989
326,12,1989,12/1989
327,0,1990,00/1990
328,14,1990,14/1990
329,8,1908,08/1908
330,9,1908,09/1908
331,10,1908,10/1908
332,11,1908,11/1908
333,12,1908,12/1908
334,0,1909,00/1909
335,14,1909,14/1909
336,13,1909,13/1909
337,1,1909,01/1909
338,2,1909,02/1909
339,3,1909,03/1909
340,4,1909,04/1909
341,5,1909,05/1909
342,6,1909,06/1909
343,7,1909,07/1909
344,8,1909,08/1909
345,9,1909,09/1909
346,10,1909,10/1909
347,11,1909,11/1909
348,12,1909,12/1909
349,0,1910,00/1910
350,14,1910,14/1910
351,13,1910,13/1910
352,1,1910,01/1910
353,2,1910,02/1910
354,3,1910,03/1910
355,4,1910,04/1910
356,5,1910,05/1910
357,6,1910,06/1910
358,7,1910,07/1910
359,8,1910,08/1910
360,9,1910,09/1910
361,10,1910,10/1910
362,11,1910,11/1910
363,12,1910,12/1910
364,0,1911,00/1911
365,14,1911,14/1911
366,13,1911,13/1911
367,1,1911,01/1911
368,2,1911,02/1911
369,3,1911,03/1911
370,4,1911,04/1911
371,5,1911,05/1911
372,6,1911,06/1911
373,7,1911,07/1911
374,8,1911,08/1911
375,9,1911,09/1911
376,10,1911,10/1911
377,11,1911,11/1911
378,12,1911,12/1911
379,0,1912,00/1912
380,14,1912,14/1912
381,13,1912,13/1912
382,1,1912,01/1912
383,2,1912,02/1912
384,3,1912,03/1912
385,4,1912,04/1912
386,5,1912,05/1912
387,6,1912,06/1912
388,7,1912,07/1912
389,8,1912,08/1912
390,9,1912,09/1912
391,10,1912,10/1912
392,11,1912,11/1912
393,12,1912,12/1912
394,0,1913,00/1913
395,14,1913,14/1913
396,13,1913,13/1913
397,1,1913,01/1913
398,2,1913,02/1913
399,3,1913,03/1913
400,4,1913,04/1913
401,5,1913,05/1913
402,6,1913,06/1913
403,7,1913,07/1913
404,8,1913,08/1913
405,9,1913,09/1913
406,10,1913,10/1913
407,11,1913,11/1913
408,12,1913,12/1913
409,0,1914,00/1914
410,14,1914,14/1914
411,13,1914,13/1914
412,1,1914,01/1914
413,2,1914,02/1914
414,3,1914,03/1914
415,4,1914,04/1914
416,5,1914,05/1914
417,6,1914,06/1914
418,7,1914,07/1914
419,8,1914,08/1914
420,9,1914,09/1914
421,10,1914,10/1914
422,11,1914,11/1914
423,12,1914,12/1914
424,0,1915,00/1915
425,14,1915,14/1915
426,13,1915,13/1915
427,1,1915,01/1915
428,2,1915,02/1915
429,3,1915,03/1915
430,4,1915,04/1915
431,5,1915,05/1915
432,6,1915,06/1915
433,7,1915,07/1915
434,8,1915,08/1915
435,9,1915,09/1915
436,10,1915,10/1915
437,11,1915,11/1915
438,12,1915,12/1915
439,0,1916,00/1916
440,14,1916,14/1916
441,13,1916,13/1916
442,1,1916,01/1916
443,2,1916,02/1916
444,3,1916,03/1916
445,4,1916,04/1916
446,5,1916,05/1916
447,6,1916,06/1916
448,7,1916,07/1916
449,8,1916,08/1916
450,9,1916,09/1916
451,10,1916,10/1916
452,11,1916,11/1916
453,12,1916,12/1916
454,0,1917,00/1917
455,14,1917,14/1917
456,13,1917,13/1917
457,1,1917,01/1917
458,2,1964,02/1964
459,3,1964,03/1964
460,4,1964,04/1964
461,5,1964,05/1964
462,6,1964,06/1964
463,7,1964,07/1964
464,8,1964,08/1964
465,9,1964,09/1964
466,10,1964,10/1964
467,11,1964,11/1964
468,12,1964,12/1964
469,0,1965,00/1965
470,14,1965,14/1965
471,13,1965,13/1965
472,1,1965,01/1965
473,2,1965,02/1965
474,3,1965,03/1965
475,4,1965,04/1965
476,5,1965,05/1965
477,6,1965,06/1965
478,7,1965,07/1965
479,8,1965,08/1965
480,9,1965,09/1965
481,10,1965,10/1965
482,11,1965,11/1965
483,12,1965,12/1965
484,0,1966,00/1966
485,14,1966,14/1966
486,13,1966,13/1966
487,1,1966,01/1966
488,2,1966,02/1966
489,3,1966,03/1966
490,4,1966,04/1966
491,5,1966,05/1966
492,6,1966,06/1966
493,7,1966,07/1966
494,8,1966,08/1966
495,9,1966,09/1966
496,10,1966,10/1966
497,11,1966,11/1966
498,12,1966,12/1966
499,0,1967,00/1967
500,14,1967,14/1967
501,13,1967,13/1967
502,1,1967,01/1967
503,2,1967,02/1967
504,3,1967,03/1967
505,4,1967,04/1967
506,5,1967,05/1967
507,6,1967,06/1967
508,7,1967,07/1967
509,8,1967,08/1967
510,9,1967,09/1967
511,10,1967,10/1967
512,11,1967,11/1967
513,12,1967,12/1967
514,0,1968,00/1968
515,14,1968,14/1968
516,13,1968,13/1968
517,1,1968,01/1968
518,9,2037,09/2037
519,10,2037,10/2037
520,11,2037,11/2037
521,12,2037,12/2037
522,0,2038,00/2038
523,14,2038,14/2038
524,13,2038,13/2038
525,1,2038,01/2038
526,2,2038,02/2038
527,3,2038,03/2038
528,4,2038,04/2038
529,5,2038,05/2038
530,6,2038,06/2038
531,7,2038,07/2038
532,8,2038,08/2038
533,9,2038,09/2038
534,10,2038,10/2038
535,11,2038,11/2038
536,12,2038,12/2038
537,0,2039,00/2039
538,14,2039,14/2039
539,13,2039,13/2039
540,1,2039,01/2039
541,2,2039,02/2039
542,3,2039,03/2039
543,4,2039,04/2039
544,5,2039,05/2039
545,6,2039,06/2039
546,7,2039,07/2039
547,8,2039,08/2039
548,9,2039,09/2039
549,10,2039,10/2039
550,11,2039,11/2039
551,12,2039,12/2039
552,0,2040,00/2040
553,14,2040,14/2040
554,13,2040,13/2040
555,1,2040,01/2040
556,2,2040,02/2040
557,3,2040,03/2040
558,4,2040,04/2040
559,5,2040,05/2040
560,6,2040,06/2040
561,7,2040,07/2040
562,8,2040,08/2040
563,9,2040,09/2040
564,10,2040,10/2040
565,11,2040,11/2040
566,12,2040,12/2040
567,0,2041,00/2041
568,14,2041,14/2041
569,13,2041,13/2041
570,1,2041,01/2041
571,2,2041,02/2041
572,3,2041,03/2041
573,4,2041,04/2041
574,5,2041,05/2041
575,6,2041,06/2041
576,7,2041,07/2041
577,8,2041,08/2041
578,9,2041,09/2041
579,10,2041,10/2041
580,11,2041,11/2041
581,12,2041,12/2041
582,0,2042,00/2042
583,14,2042,14/2042
584,13,2042,13/2042
585,1,2042,01/2042
586,2,2042,02/2042
587,3,2042,03/2042
588,4,2042,04/2042
589,5,2042,05/2042
590,6,2042,06/2042
591,7,2042,07/2042
592,8,2042,08/2042
593,9,2042,09/2042
594,10,2042,10/2042
595,11,2042,11/2042
596,12,2042,12/2042
597,0,2043,00/2043
598,14,2043,14/2043
599,13,2043,13/2043
600,1,2043,01/2043
601,2,2043,02/2043
602,3,2043,03/2043
603,4,2043,04/2043
604,5,2043,05/2043
605,6,2043,06/2043
606,7,2043,07/2043
607,8,2043,08/2043
608,9,2043,09/2043
609,10,2043,10/2043
610,11,2043,11/2043
611,12,2043,12/2043
612,0,2044,00/2044
613,14,2044,14/2044
614,13,2044,13/2044
615,1,2044,01/2044
616,2,2044,02/2044
617,3,2044,03/2044
618,4,2044,04/2044
619,5,2044,05/2044
620,6,2044,06/2044
621,7,2044,07/2044
622,8,2044,08/2044
623,9,2044,09/2044
624,10,2044,10/2044
625,11,2044,11/2044
626,12,2044,12/2044
627,0,2045,00/2045
628,14,2045,14/2045
629,13,2045,13/2045
630,1,2045,01/2045
631,2,2045,02/2045
632,3,2045,03/2045
633,4,2045,04/2045
634,5,2045,05/2045
635,6,2045,06/2045
636,7,2045,07/2045
637,8,2045,08/2045
638,9,2045,09/2045
639,10,2045,10/2045
640,11,2045,11/2045
641,12,2045,12/2045
642,0,2046,00/2046
643,14,2046,14/2046
644,13,2046,13/2046
645,1,2046,01/2046
646,2,2046,02/2046
647,2,1968,02/1968
648,3,1968,03/1968
649,4,1968,04/1968
650,5,1968,05/1968
651,6,1968,06/1968
652,7,1968,07/1968
653,8,1968,08/1968
654,9,1968,09/1968
655,10,1968,10/1968
656,11,1968,11/1968
657,6,1977,06/1977
658,7,1977,07/1977
659,8,1977,08/1977
660,9,1977,09/1977
661,10,1977,10/1977
662,11,1977,11/1977
663,12,1977,12/1977
664,0,1978,00/1978
665,14,1978,14/1978
666,13,1978,13/1978
667,1,1978,01/1978
668,2,1978,02/1978
669,3,1978,03/1978
670,4,1978,04/1978
671,5,1978,05/1978
672,6,1978,06/1978
673,7,1978,07/1978
674,8,1978,08/1978
675,9,1978,09/1978
676,10,1978,10/1978
677,11,1978,11/1978
678,12,1978,12/1978
679,0,1979,00/1979
680,14,1979,14/1979
681,13,1979,13/1979
682,1,1979,01/1979
683,2,1979,02/1979
684,3,1979,03/1979
685,4,1979,04/1979
686,5,1979,05/1979
687,6,1979,06/1979
688,7,1979,07/1979
689,8,1979,08/1979
690,9,1979,09/1979
691,10,1979,10/1979
692,11,1979,11/1979
693,12,1979,12/1979
694,0,1980,00/1980
695,14,1980,14/1980
696,13,1980,13/1980
697,1,1980,01/1980
698,2,1980,02/1980
699,3,1980,03/1980
700,4,1980,04/1980
701,5,1980,05/1980
702,6,1980,06/1980
703,7,1980,07/1980
704,8,1980,08/1980
705,9,1980,09/1980
706,10,1980,10/1980
707,11,1980,11/1980
708,12,1980,12/1980
709,0,1981,00/1981
710,14,1981,14/1981
711,13,1981,13/1981
712,1,1981,01/1981
713,2,1981,02/1981
714,3,1981,03/1981
715,4,1981,04/1981
716,13,2029,13/2029
717,1,2029,01/2029
718,2,2029,02/2029
719,3,2029,03/2029
720,4,2029,04/2029
721,5,2029,05/2029
722,0,2030,00/2030
723,6,2029,06/2029
724,7,2029,07/2029
725,8,2029,08/2029
726,9,2029,09/2029
727,10,2029,10/2029
728,11,2029,11/2029
729,12,2029,12/2029
730,14,2030,14/2030
731,13,2030,13/2030
732,1,2030,01/2030
733,2,2030,02/2030
734,3,2030,03/2030
735,4,2030,04/2030
736,5,2030,05/2030
737,6,2030,06/2030
738,7,2030,07/2030
739,8,2030,08/2030
740,9,2030,09/2030
741,10,2030,10/2030
742,11,2030,11/2030
743,12,2030,12/2030
744,0,2031,00/2031
745,14,2031,14/2031
746,13,2031,13/2031
747,1,2031,01/2031
748,2,2031,02/2031
749,3,2031,03/2031
750,4,2031,04/2031
751,5,2031,05/2031
752,6,2031,06/2031
753,7,2031,07/2031
754,8,2031,08/2031
755,9,2031,09/2031
756,10,2031,10/2031
757,11,2031,11/2031
758,12,2031,12/2031
759,0,2032,00/2032
760,14,2032,14/2032
761,13,2032,13/2032
762,1,2032,01/2032
763,2,2032,02/2032
764,3,2032,03/2032
765,4,2032,04/2032
766,5,2032,05/2032
767,6,2032,06/2032
768,7,2032,07/2032
769,8,2032,08/2032
770,9,2032,09/2032
771,10,2032,10/2032
772,11,2032,11/2032
773,12,2032,12/2032
774,0,2033,00/2033
775,14,2033,14/2033
776,13,2033,13/2033
777,1,2033,01/2033
778,2,2033,02/2033
779,3,2033,03/2033
780,4,2033,04/2033
781,5,2033,05/2033
782,6,2033,06/2033
783,7,2033,07/2033
784,8,2033,08/2033
785,9,2033,09/2033
786,10,2033,10/2033
787,11,2033,11/2033
788,12,2033,12/2033
789,0,2034,00/2034
790,14,2034,14/2034
791,13,2034,13/2034
792,1,2034,01/2034
793,2,2034,02/2034
794,3,2034,03/2034
795,4,2034,04/2034
796,5,2034,05/2034
797,6,2034,06/2034
798,7,2034,07/2034
799,8,2034,08/2034
800,9,2034,09/2034
801,10,2034,10/2034
802,11,2034,11/2034
803,12,2034,12/2034
804,0,2035,00/2035
805,14,2035,14/2035
806,13,2035,13/2035
807,1,2035,01/2035
808,2,2035,02/2035
809,3,2035,03/2035
810,4,2035,04/2035
811,5,2035,05/2035
812,6,2035,06/2035
813,7,2035,07/2035
814,8,2035,08/2035
815,9,2035,09/2035
816,10,2035,10/2035
817,11,2035,11/2035
818,12,2035,12/2035
819,0,2036,00/2036
820,14,2036,14/2036
821,13,2036,13/2036
822,1,2036,01/2036
823,2,2036,02/2036
824,3,2036,03/2036
825,4,2036,04/2036
826,5,2036,05/2036
827,6,2036,06/2036
828,7,2036,07/2036
829,8,2036,08/2036
830,9,2036,09/2036
831,10,2036,10/2036
832,11,2036,11/2036
833,12,2036,12/2036
834,0,2037,00/2037
835,14,2037,14/2037
836,13,2037,13/2037
837,1,2037,01/2037
838,2,2037,02/2037
839,3,2037,03/2037
840,4,2037,04/2037
841,5,2037,05/2037
842,6,2037,06/2037
843,7,2037,07/2037
844,8,2037,08/2037
845,11,1972,11/1972
846,12,1972,12/1972
847,0,1973,00/1973
848,14,1973,14/1973
849,13,1973,13/1973
850,1,1973,01/1973
851,2,1973,02/1973
852,3,1973,03/1973
853,4,1973,04/1973
854,5,1973,05/1973
855,6,1973,06/1973
856,7,1973,07/1973
857,8,1973,08/1973
858,9,1973,09/1973
859,10,1973,10/1973
860,11,1973,11/1973
861,12,1973,12/1973
862,0,1974,00/1974
863,14,1974,14/1974
864,13,1974,13/1974
865,1,1974,01/1974
866,2,1974,02/1974
867,3,1974,03/1974
868,4,1974,04/1974
869,5,1974,05/1974
870,6,1974,06/1974
871,7,1974,07/1974
872,8,1974,08/1974
873,9,1974,09/1974
874,10,1974,10/1974
875,11,1974,11/1974
876,12,1974,12/1974
877,0,1975,00/1975
878,14,1975,14/1975
879,13,1975,13/1975
880,1,1975,01/1975
881,2,1975,02/1975
882,3,1975,03/1975
883,4,1975,04/1975
884,5,1975,05/1975
885,6,1975,06/1975
886,7,1975,07/1975
887,8,1975,08/1975
888,9,1975,09/1975
889,10,1975,10/1975
890,11,1975,11/1975
891,12,1975,12/1975
892,0,1976,00/1976
893,14,1976,14/1976
894,13,1976,13/1976
895,1,1976,01/1976
896,2,1976,02/1976
897,3,1976,03/1976
898,4,1976,04/1976
899,5,1976,05/1976
900,6,1976,06/1976
901,7,1976,07/1976
902,8,1976,08/1976
903,9,1976,09/1976
904,10,1976,10/1976
905,11,1976,11/1976
906,12,1976,12/1976
907,0,1977,00/1977
908,14,1977,14/1977
909,13,1977,13/1977
910,1,1977,01/1977
911,2,1977,02/1977
912,3,1977,03/1977
913,4,1977,04/1977
914,5,1977,05/1977
915,3,1960,03/1960
916,4,1960,04/1960
917,5,1960,05/1960
918,6,1960,06/1960
919,7,1960,07/1960
920,8,1960,08/1960
921,9,1960,09/1960
922,10,1960,10/1960
923,11,1960,11/1960
924,12,1960,12/1960
925,0,1961,00/1961
926,14,1961,14/1961
927,13,1961,13/1961
928,1,1961,01/1961
929,2,1961,02/1961
930,3,1961,03/1961
931,4,1961,04/1961
932,5,1961,05/1961
933,6,1961,06/1961
934,7,1961,07/1961
935,8,1961,08/1961
936,9,1961,09/1961
937,10,1961,10/1961
938,11,1961,11/1961
939,12,1961,12/1961
940,0,1962,00/1962
941,14,1962,14/1962
942,13,1962,13/1962
943,1,1962,01/1962
944,2,1962,02/1962
945,3,1962,03/1962
946,4,1962,04/1962
947,5,1962,05/1962
948,6,1962,06/1962
949,7,1962,07/1962
950,8,1962,08/1962
951,9,1962,09/1962
952,10,1962,10/1962
953,11,1962,11/1962
954,12,1962,12/1962
955,0,1963,00/1963
956,14,1963,14/1963
957,13,1963,13/1963
958,1,1963,01/1963
959,2,1963,02/1963
960,3,1963,03/1963
961,4,1963,04/1963
962,5,1963,05/1963
963,6,1963,06/1963
964,7,1963,07/1963
965,8,1963,08/1963
966,9,1963,09/1963
967,10,1963,10/1963
968,11,1963,11/1963
969,12,1963,12/1963
970,0,1964,00/1964
971,14,1964,14/1964
972,13,1964,13/1964
973,1,1964,01/1964
974,6,2020,06/2020
975,7,2020,07/2020
976,8,2020,08/2020
977,9,2020,09/2020
978,10,2020,10/2020
979,11,2020,11/2020
980,12,2020,12/2020
981,0,2021,00/2021
982,14,2021,14/2021
983,13,2021,13/2021
984,1,2021,01/2021
985,2,2021,02/2021
986,3,2021,03/2021
987,4,2021,04/2021
988,5,2021,05/2021
989,6,2021,06/2021
990,7,2021,07/2021
991,8,2021,08/2021
992,9,2021,09/2021
993,10,2021,10/2021
994,11,2021,11/2021
995,12,2021,12/2021
996,0,2022,00/2022
997,14,2022,14/2022
998,13,2022,13/2022
999,1,2022,01/2022
1000,2,2022,02/2022
1001,3,2022,03/2022
1002,4,2022,04/2022
1003,5,2022,05/2022
1004,6,2022,06/2022
1005,7,2022,07/2022
1006,8,2022,08/2022
1007,9,2022,09/2022
1008,10,2022,10/2022
1260,4,1957,04/1957
1261,5,1957,05/1957
1262,6,1957,06/1957
1263,7,1957,07/1957
1264,8,1957,08/1957
1265,9,1957,09/1957
1266,10,1957,10/1957
1267,11,1957,11/1957
1268,12,1957,12/1957
1269,0,1958,00/1958
1270,14,1958,14/1958
1271,13,1958,13/1958
1272,1,1958,01/1958
1273,2,1958,02/1958
1274,3,1958,03/1958
1275,4,1958,04/1958
1276,5,1958,05/1958
1277,6,1958,06/1958
1278,7,1958,07/1958
1279,8,1958,08/1958
1280,9,1958,09/1958
1281,10,1958,10/1958
1282,11,1958,11/1958
1283,12,1958,12/1958
1284,0,1959,00/1959
1285,14,1959,14/1959
1286,13,1959,13/1959
1287,1,1959,01/1959
1288,2,1959,02/1959
1289,3,1959,03/1959
1290,4,1959,04/1959
1291,5,1959,05/1959
1292,6,1959,06/1959
1293,7,1959,07/1959
1294,8,1959,08/1959
1295,9,1959,09/1959
1296,10,1959,10/1959
1297,11,1959,11/1959
1298,12,1959,12/1959
1299,0,1960,00/1960
1300,14,1960,14/1960
1301,13,1960,13/1960
1302,1,1960,01/1960
1303,2,1960,02/1960
1304,12,1968,12/1968
1305,0,1969,00/1969
1306,14,1969,14/1969
1307,13,1969,13/1969
1308,1,1969,01/1969
1309,2,1969,02/1969
1310,3,1969,03/1969
1311,4,1969,04/1969
1312,5,1969,05/1969
1313,6,1969,06/1969
1314,7,1969,07/1969
1315,8,1969,08/1969
1316,9,1969,09/1969
1317,10,1969,10/1969
1318,11,1969,11/1969
1319,12,1969,12/1969
1320,0,1970,00/1970
1321,14,1970,14/1970
1322,13,1970,13/1970
1323,1,1970,01/1970
1324,2,1970,02/1970
1325,3,1970,03/1970
1326,4,1970,04/1970
1327,5,1970,05/1970
1328,6,1970,06/1970
1329,7,1970,07/1970
1330,8,1970,08/1970
1331,9,1970,09/1970
1332,10,1970,10/1970
1333,11,1970,11/1970
1334,12,1970,12/1970
1335,0,1971,00/1971
1336,14,1971,14/1971
1337,13,1971,13/1971
1338,1,1971,01/1971
1339,2,1971,02/1971
1340,3,1971,03/1971
1341,4,1971,04/1971
1342,5,1971,05/1971
1343,6,1971,06/1971
1344,7,1971,07/1971
1345,8,1971,08/1971
1346,9,1971,09/1971
1347,10,1971,10/1971
1348,11,1971,11/1971
1349,12,1971,12/1971
1350,0,1972,00/1972
1351,14,1972,14/1972
1352,13,1972,13/1972
1353,1,1972,01/1972
1354,2,1972,02/1972
1355,3,1972,03/1972
1356,4,1972,04/1972
1357,5,1972,05/1972
1358,6,1972,06/1972
1359,7,1972,07/1972
1360,8,1972,08/1972
1361,9,1972,09/1972
1362,10,1972,10/1972
1363,13,1900,13/1900
1364,1,1900,01/1900
1365,2,1900,02/1900
1366,3,1900,03/1900
1367,4,1900,04/1900
1368,5,1900,05/1900
1369,6,1900,06/1900
1370,7,1900,07/1900
1371,8,1900,08/1900
1372,9,1900,09/1900
1373,10,1900,10/1900
1374,11,1900,11/1900
1375,12,1900,12/1900
1376,0,1901,00/1901
1377,14,1901,14/1901
1378,13,1901,13/1901
1379,1,1901,01/1901
1380,2,1901,02/1901
1381,3,1901,03/1901
1382,4,1901,04/1901
1383,5,1901,05/1901
1384,6,1901,06/1901
1385,7,1901,07/1901
1386,8,1901,08/1901
1387,9,1901,09/1901
1388,10,1901,10/1901
1389,11,1901,11/1901
1390,12,1901,12/1901
1391,0,1902,00/1902
1392,14,1902,14/1902
1393,13,1902,13/1902
1394,1,1902,01/1902
1395,2,1902,02/1902
1396,3,1902,03/1902
1397,4,1902,04/1902
1398,5,1902,05/1902
1399,6,1902,06/1902
1400,7,1902,07/1902
1401,8,1902,08/1902
1402,9,1902,09/1902
1403,10,1902,10/1902
1404,11,1902,11/1902
1405,12,1902,12/1902
1406,0,1903,00/1903
1407,14,1903,14/1903
1408,13,1903,13/1903
1409,1,1903,01/1903
1410,2,1903,02/1903
1411,3,1903,03/1903
1412,4,1903,04/1903
1413,5,1903,05/1903
1414,6,1903,06/1903
1415,7,1903,07/1903
1416,8,1903,08/1903
1417,9,1903,09/1903
1418,10,1903,10/1903
1419,11,1903,11/1903
1420,12,1903,12/1903
1421,0,1904,00/1904
1422,14,1904,14/1904
1423,13,1904,13/1904
1424,1,1904,01/1904
1425,2,1904,02/1904
1426,3,1904,03/1904
1427,4,1904,04/1904
1428,5,1904,05/1904
1429,6,1904,06/1904
1430,7,1904,07/1904
1431,8,1904,08/1904
1432,9,1904,09/1904
1433,10,1904,10/1904
1434,11,1904,11/1904
1435,12,1904,12/1904
1436,0,1905,00/1905
1437,14,1905,14/1905
1438,13,1905,13/1905
1439,1,1905,01/1905
1440,2,1905,02/1905
1441,3,1905,03/1905
1442,4,1905,04/1905
1443,5,1905,05/1905
1444,6,1905,06/1905
1445,7,1905,07/1905
1446,8,1905,08/1905
1447,9,1905,09/1905
1448,10,1905,10/1905
1449,11,1905,11/1905
1450,12,1905,12/1905
1451,0,1906,00/1906
1452,14,1906,14/1906
1453,13,1906,13/1906
1454,1,1906,01/1906
1455,2,1906,02/1906
1456,3,1906,03/1906
1457,4,1906,04/1906
1458,5,1906,05/1906
1459,6,1906,06/1906
1460,7,1906,07/1906
1461,8,1906,08/1906
1462,9,1906,09/1906
1463,10,1906,10/1906
1464,11,1906,11/1906
1465,12,1906,12/1906
1466,0,1907,00/1907
1467,14,1907,14/1907
1468,13,1907,13/1907
1469,1,1907,01/1907
1470,2,1907,02/1907
1471,3,1907,03/1907
1472,4,1907,04/1907
1473,5,1907,05/1907
1474,6,1907,06/1907
1475,7,1907,07/1907
1476,8,1907,08/1907
1477,9,1907,09/1907
1478,10,1907,10/1907
1479,11,1907,11/1907
1480,12,1907,12/1907
1481,0,1908,00/1908
1482,14,1908,14/1908
1483,13,1908,13/1908
1484,1,1908,01/1908
1485,2,1908,02/1908
1486,3,1908,03/1908
1487,4,1908,04/1908
1488,5,1908,05/1908
1489,6,1908,06/1908
1490,7,1908,07/1908
1491,14,1947,14/1947
1492,13,1947,13/1947
1493,1,1947,01/1947
1494,2,1947,02/1947
1495,3,1947,03/1947
1496,4,1947,04/1947
1497,5,1947,05/1947
1498,6,1947,06/1947
1499,7,1947,07/1947
1500,8,1947,08/1947
1501,9,1947,09/1947
1502,10,1947,10/1947
1503,11,1947,11/1947
1504,12,1947,12/1947
1505,0,1948,00/1948
1506,14,1948,14/1948
1507,13,1948,13/1948
1508,1,1948,01/1948
1509,2,1948,02/1948
1510,3,1948,03/1948
1511,4,1948,04/1948
1512,5,1948,05/1948
1513,6,1948,06/1948
1514,7,1948,07/1948
1515,8,1948,08/1948
1516,9,1948,09/1948
1517,10,1948,10/1948
1518,11,1948,11/1948
1519,12,1948,12/1948
1520,0,1949,00/1949
1521,14,1949,14/1949
1522,13,1949,13/1949
1523,1,1949,01/1949
1524,2,1949,02/1949
1525,3,1949,03/1949
1526,4,1949,04/1949
1527,5,1949,05/1949
1528,6,1949,06/1949
1529,7,1949,07/1949
1530,8,1949,08/1949
1531,9,1949,09/1949
1532,10,1949,10/1949
1533,11,1949,11/1949
1534,12,1949,12/1949
1535,0,1950,00/1950
1536,14,1950,14/1950
1537,13,1950,13/1950
1538,1,1950,01/1950
1539,2,1950,02/1950
1540,3,1950,03/1950
1541,4,1950,04/1950
1542,5,1950,05/1950
1543,6,1950,06/1950
1544,7,1950,07/1950
1545,8,1950,08/1950
1546,9,1950,09/1950
1547,10,1950,10/1950
1548,11,1950,11/1950
1549,12,1950,12/1950
1550,0,1951,00/1951
1551,14,1951,14/1951
1552,13,1951,13/1951
1553,1,1951,01/1951
1554,2,1951,02/1951
1555,3,1951,03/1951
1556,4,1951,04/1951
1557,5,1951,05/1951
1558,6,1951,06/1951
1559,7,1951,07/1951
1560,8,1951,08/1951
1561,9,1951,09/1951
1562,0,1952,00/1952
1563,10,1951,10/1951
1564,11,1951,11/1951
1565,12,1951,12/1951
1566,14,1952,14/1952
1567,13,1952,13/1952
1568,1,1952,01/1952
1569,2,1952,02/1952
1570,3,1952,03/1952
1571,4,1952,04/1952
1572,5,1952,05/1952
1573,6,1952,06/1952
1574,7,1952,07/1952
1575,8,1952,08/1952
1576,9,1952,09/1952
1577,10,1952,10/1952
1578,11,1952,11/1952
1579,12,1952,12/1952
1580,0,1953,00/1953
1581,14,1953,14/1953
1582,13,1953,13/1953
1583,1,1953,01/1953
1584,2,1953,02/1953
1585,3,1953,03/1953
1586,4,1953,04/1953
1587,5,1953,05/1953
1588,6,1953,06/1953
1589,7,1953,07/1953
1590,8,1953,08/1953
1591,9,1953,09/1953
1592,10,1953,10/1953
1593,11,1953,11/1953
1594,12,1953,12/1953
1595,0,1954,00/1954
1596,14,1954,14/1954
1597,13,1954,13/1954
1598,1,1954,01/1954
1599,2,1954,02/1954
1600,3,1954,03/1954
1601,4,1954,04/1954
1602,5,1954,05/1954
1603,6,1954,06/1954
1604,7,1954,07/1954
1605,8,1954,08/1954
1606,9,1954,09/1954
1607,10,1954,10/1954
1608,11,1954,11/1954
1609,12,1954,12/1954
1610,0,1955,00/1955
1611,14,1955,14/1955
1612,13,1955,13/1955
1613,1,1955,01/1955
1614,2,1955,02/1955
1615,3,1955,03/1955
1616,4,1955,04/1955
1617,5,1955,05/1955
1618,6,1955,06/1955
1619,7,1955,07/1955
1620,3,2003,03/2003
1621,4,2003,04/2003
1622,5,2003,05/2003
1623,6,2003,06/2003
1624,7,2003,07/2003
1625,8,2003,08/2003
1626,9,2003,09/2003
1627,10,2003,10/2003
1628,11,2003,11/2003
1629,12,2003,12/2003
1630,0,2004,00/2004
1631,14,2004,14/2004
1632,13,2004,13/2004
1633,1,2004,01/2004
1634,2,2004,02/2004
1635,3,2004,03/2004
1636,4,2004,04/2004
1637,5,2004,05/2004
1638,6,2004,06/2004
1639,7,2004,07/2004
1640,8,2004,08/2004
1641,9,2004,09/2004
1642,10,2004,10/2004
1643,11,2004,11/2004
1644,12,2004,12/2004
1645,0,2005,00/2005
1646,14,2005,14/2005
1647,13,2005,13/2005
1648,1,2005,01/2005
1649,2,2005,02/2005
1650,3,2005,03/2005
1651,4,2005,04/2005
1652,5,2005,05/2005
1653,6,2005,06/2005
1654,7,2005,07/2005
1655,8,2005,08/2005
1656,9,2005,09/2005
1657,10,2005,10/2005
1658,11,2005,11/2005
1659,12,2005,12/2005
1660,0,2006,00/2006
1661,14,2006,14/2006
1662,13,2006,13/2006
1663,1,2006,01/2006
1664,2,2006,02/2006
1665,3,2006,03/2006
1666,4,2006,04/2006
1667,5,2006,05/2006
1668,6,2006,06/2006
1669,7,2006,07/2006
1670,8,2006,08/2006
1671,9,2006,09/2006
1672,10,2006,10/2006
1673,11,2006,11/2006
1674,12,2006,12/2006
1675,0,2007,00/2007
1676,14,2007,14/2007
1677,13,2007,13/2007
1678,1,2007,01/2007
1679,2,2007,02/2007
1680,3,2007,03/2007
1681,4,2007,04/2007
1682,5,2007,05/2007
1683,6,2007,06/2007
1684,7,2007,07/2007
1685,8,2007,08/2007
1686,9,2007,09/2007
1687,10,2007,10/2007
1688,11,2007,11/2007
1689,12,2007,12/2007
1690,0,2008,00/2008
1691,14,2008,14/2008
1692,13,2008,13/2008
1693,1,2008,01/2008
1694,2,2008,02/2008
1695,3,2008,03/2008
1696,4,2008,04/2008
1697,5,2008,05/2008
1698,6,2008,06/2008
1699,7,2008,07/2008
1700,8,2008,08/2008
1701,9,2008,09/2008
1702,10,2008,10/2008
1703,11,2008,11/2008
1704,12,2008,12/2008
1705,0,2009,00/2009
1706,14,2009,14/2009
1707,13,2009,13/2009
1708,1,2009,01/2009
1709,2,2009,02/2009
1710,3,2009,03/2009
1711,4,2009,04/2009
1712,5,2009,05/2009
1713,6,2009,06/2009
1714,7,2009,07/2009
1715,8,2009,08/2009
1716,9,2009,09/2009
1717,10,2009,10/2009
1718,11,2009,11/2009
1719,12,2009,12/2009
1720,0,2010,00/2010
1721,14,2010,14/2010
1722,13,2010,13/2010
1723,1,2010,01/2010
1724,2,2010,02/2010
1725,3,2010,03/2010
1726,4,2010,04/2010
1727,5,2010,05/2010
1728,6,2010,06/2010
1729,7,2010,07/2010
1730,8,2010,08/2010
1731,9,2010,09/2010
1732,10,2010,10/2010
1733,11,2010,11/2010
1734,12,2010,12/2010
1735,0,2011,00/2011
1736,14,2011,14/2011
1737,13,2011,13/2011
1738,1,2011,01/2011
1739,2,2011,02/2011
1740,3,2011,03/2011
1741,4,2011,04/2011
1742,5,2011,05/2011
1743,6,2011,06/2011
1744,7,2011,07/2011
1745,8,2011,08/2011
1746,9,2011,09/2011
1747,10,2011,10/2011
1748,11,2011,11/2011
1749,4,1938,04/1938
1750,5,1938,05/1938
1751,6,1938,06/1938
1752,7,1938,07/1938
1753,8,1938,08/1938
1754,9,1938,09/1938
1755,10,1938,10/1938
1756,11,1938,11/1938
1757,12,1938,12/1938
1758,0,1939,00/1939
1759,14,1939,14/1939
1760,13,1939,13/1939
1761,1,1939,01/1939
1762,2,1939,02/1939
1763,3,1939,03/1939
1764,4,1939,04/1939
1765,5,1939,05/1939
1766,6,1939,06/1939
1767,7,1939,07/1939
1768,8,1939,08/1939
1769,9,1939,09/1939
1770,10,1939,10/1939
1771,11,1939,11/1939
1772,12,1939,12/1939
1773,0,1940,00/1940
1774,14,1940,14/1940
1775,13,1940,13/1940
1776,1,1940,01/1940
1777,2,1940,02/1940
1778,3,1940,03/1940
1779,4,1940,04/1940
1780,5,1940,05/1940
1781,6,1940,06/1940
1782,7,1940,07/1940
1783,8,1940,08/1940
1784,9,1940,09/1940
1785,10,1940,10/1940
1786,11,1940,11/1940
1787,12,1940,12/1940
1788,0,1941,00/1941
1789,14,1941,14/1941
1790,13,1941,13/1941
1791,1,1941,01/1941
1792,2,1941,02/1941
1793,3,1941,03/1941
1794,4,1941,04/1941
1795,5,1941,05/1941
1796,6,1941,06/1941
1797,7,1941,07/1941
1798,8,1941,08/1941
1799,9,1941,09/1941
1800,10,1941,10/1941
1801,11,1941,11/1941
1802,12,1941,12/1941
1803,0,1942,00/1942
1804,14,1942,14/1942
1805,13,1942,13/1942
1806,1,1942,01/1942
1807,2,1942,02/1942
1808,3,1942,03/1942
1809,4,1942,04/1942
1810,5,1942,05/1942
1811,6,1942,06/1942
1812,7,1942,07/1942
1813,8,1942,08/1942
1814,9,1942,09/1942
1815,10,1942,10/1942
1816,11,1942,11/1942
1817,12,1942,12/1942
1818,0,1943,00/1943
1819,14,1943,14/1943
1820,11,1925,11/1925
1821,12,1925,12/1925
1822,0,1926,00/1926
1823,14,1926,14/1926
1824,13,1926,13/1926
1825,1,1926,01/1926
1826,2,1926,02/1926
1827,3,1926,03/1926
1828,4,1926,04/1926
1829,5,1926,05/1926
1830,6,1926,06/1926
1831,7,1926,07/1926
1832,8,1926,08/1926
1833,9,1926,09/1926
1834,10,1926,10/1926
1835,11,1926,11/1926
1836,12,1926,12/1926
1837,0,1927,00/1927
1838,14,1927,14/1927
1839,13,1927,13/1927
1840,1,1927,01/1927
1841,2,1927,02/1927
1842,3,1927,03/1927
1843,4,1927,04/1927
1844,5,1927,05/1927
1845,6,1927,06/1927
1846,7,1927,07/1927
1847,8,1927,08/1927
1848,9,1927,09/1927
1849,10,1927,10/1927
1850,11,1927,11/1927
1851,12,1927,12/1927
1852,0,1928,00/1928
1853,14,1928,14/1928
1854,13,1928,13/1928
1855,1,1928,01/1928
1856,2,1928,02/1928
1857,3,1928,03/1928
1858,4,1928,04/1928
1859,5,1928,05/1928
1860,6,1928,06/1928
1861,7,1928,07/1928
1862,8,1928,08/1928
1863,9,1928,09/1928
1864,10,1928,10/1928
1865,11,1928,11/1928
1866,12,1928,12/1928
1867,0,1929,00/1929
1868,14,1929,14/1929
1869,13,1929,13/1929
1870,1,1929,01/1929
1871,2,1929,02/1929
1872,3,1929,03/1929
1873,4,1929,04/1929
1874,5,1929,05/1929
1875,6,1929,06/1929
1876,7,1929,07/1929
1877,8,1929,08/1929
1878,9,1929,09/1929
1879,9,1994,09/1994
1880,10,1994,10/1994
1881,11,1994,11/1994
1882,12,1994,12/1994
1883,0,1995,00/1995
1884,14,1995,14/1995
1885,13,1995,13/1995
1886,1,1995,01/1995
1887,2,1995,02/1995
1888,3,1995,03/1995
1889,4,1995,04/1995
1890,5,1995,05/1995
1891,6,1995,06/1995
1892,7,1995,07/1995
1893,8,1995,08/1995
1894,9,1995,09/1995
1895,10,1995,10/1995
1896,11,1995,11/1995
1897,12,1995,12/1995
1898,0,1996,00/1996
1899,14,1996,14/1996
1900,13,1996,13/1996
1901,1,1996,01/1996
1902,2,1996,02/1996
1903,3,1996,03/1996
1904,4,1996,04/1996
1905,5,1996,05/1996
1906,6,1996,06/1996
1907,7,1996,07/1996
1908,8,1996,08/1996
1909,9,1996,09/1996
1910,10,1996,10/1996
1911,11,1996,11/1996
1912,12,1996,12/1996
1913,0,1997,00/1997
1914,14,1997,14/1997
1915,13,1997,13/1997
1916,1,1997,01/1997
1917,2,1997,02/1997
1918,3,1997,03/1997
1919,4,1997,04/1997
1920,5,1997,05/1997
1921,6,1997,06/1997
1922,7,1997,07/1997
1923,8,1997,08/1997
1924,9,1997,09/1997
1925,10,1997,10/1997
1926,11,1997,11/1997
1927,12,1997,12/1997
1928,0,1998,00/1998
1929,14,1998,14/1998
1930,13,1998,13/1998
1931,1,1998,01/1998
1932,2,1998,02/1998
1933,3,1998,03/1998
1934,4,1998,04/1998
1935,5,1998,05/1998
1936,6,1998,06/1998
1937,7,1998,07/1998
1938,8,1998,08/1998
1939,9,1998,09/1998
1940,10,1998,10/1998
1941,11,1998,11/1998
1942,12,1998,12/1998
1943,0,1999,00/1999
1944,14,1999,14/1999
1945,13,1999,13/1999
1946,1,1999,01/1999
1947,2,1999,02/1999
1948,3,1999,03/1999
1949,4,1999,04/1999
1950,5,1999,05/1999
1951,6,1999,06/1999
1952,7,1999,07/1999
1953,8,1999,08/1999
1954,9,1999,09/1999
1955,10,1999,10/1999
1956,11,1999,11/1999
1957,12,1999,12/1999
1958,0,2000,00/2000
1959,14,2000,14/2000
1960,13,2000,13/2000
1961,1,2000,01/2000
1962,2,2000,02/2000
1963,3,2000,03/2000
1964,4,2000,04/2000
1965,5,2000,05/2000
1966,6,2000,06/2000
1967,7,2000,07/2000
1968,8,2000,08/2000
1969,9,2000,09/2000
1970,10,2000,10/2000
1971,11,2000,11/2000
1972,12,2000,12/2000
1973,0,2001,00/2001
1974,14,2001,14/2001
1975,13,2001,13/2001
1976,1,2001,01/2001
1977,2,2001,02/2001
1978,3,2001,03/2001
1979,4,2001,04/2001
1980,5,2001,05/2001
1981,6,2001,06/2001
1982,7,2001,07/2001
1983,8,2001,08/2001
1984,9,2001,09/2001
1985,10,2001,10/2001
1986,11,2001,11/2001
1987,12,2001,12/2001
1988,0,2002,00/2002
1989,14,2002,14/2002
1990,13,2002,13/2002
1991,1,2002,01/2002
1992,2,2002,02/2002
1993,3,2002,03/2002
1994,4,2002,04/2002
1995,5,2002,05/2002
1996,6,2002,06/2002
1997,7,2002,07/2002
1998,8,2002,08/2002
1999,9,2002,09/2002
2000,10,2002,10/2002
2001,11,2002,11/2002
2002,12,2002,12/2002
2003,0,2003,00/2003
2004,14,2003,14/2003
2005,13,2003,13/2003
2006,1,2003,01/2003
2007,2,2003,02/2003
2008,10,1929,10/1929
2009,11,1929,11/1929
2010,12,1929,12/1929
2011,0,1930,00/1930
2012,14,1930,14/1930
2013,13,1930,13/1930
2014,1,1930,01/1930
2015,2,1930,02/1930
2016,3,1930,03/1930
2017,4,1930,04/1930
2018,5,1930,05/1930
2019,6,1930,06/1930
2020,7,1930,07/1930
2021,8,1930,08/1930
2022,9,1930,09/1930
2023,10,1930,10/1930
2024,11,1930,11/1930
2025,12,1930,12/1930
2026,0,1931,00/1931
2027,14,1931,14/1931
2028,13,1931,13/1931
2029,1,1931,01/1931
2030,2,1931,02/1931
2031,3,1931,03/1931
2032,4,1931,04/1931
2033,5,1931,05/1931
2034,6,1931,06/1931
2035,7,1931,07/1931
2036,8,1931,08/1931
2037,9,1931,09/1931
2038,10,1931,10/1931
2039,11,1931,11/1931
2040,12,1931,12/1931
2041,0,1932,00/1932
2042,14,1932,14/1932
2043,13,1932,13/1932
2044,1,1932,01/1932
2045,2,1932,02/1932
2046,3,1932,03/1932
2047,4,1932,04/1932
2048,5,1932,05/1932
2049,6,1932,06/1932
2050,7,1932,07/1932
2051,8,1932,08/1932
2052,9,1932,09/1932
2053,10,1932,10/1932
2054,11,1932,11/1932
2055,12,1932,12/1932
2056,0,1933,00/1933
2057,14,1933,14/1933
2058,13,1933,13/1933
2059,1,1933,01/1933
2060,2,1933,02/1933
2061,3,1933,03/1933
2062,4,1933,04/1933
2063,5,1933,05/1933
2064,6,1933,06/1933
2065,7,1933,07/1933
2066,8,1933,08/1933
2067,9,1933,09/1933
2068,10,1933,10/1933
2069,11,1933,11/1933
2070,12,1933,12/1933
2071,0,1934,00/1934
2072,14,1934,14/1934
2073,13,1934,13/1934
2074,1,1934,01/1934
2075,2,1934,02/1934
2076,3,1934,03/1934
2077,4,1934,04/1934
2078,13,1943,13/1943
2079,1,1943,01/1943
2080,2,1943,02/1943
2081,3,1943,03/1943
2082,4,1943,04/1943
2083,5,1943,05/1943
2084,6,1943,06/1943
2085,7,1943,07/1943
2086,8,1943,08/1943
2087,9,1943,09/1943
2088,10,1943,10/1943
2089,11,1943,11/1943
2090,12,1943,12/1943
2091,0,1944,00/1944
2092,14,1944,14/1944
2093,13,1944,13/1944
2094,1,1944,01/1944
2095,2,1944,02/1944
2096,3,1944,03/1944
2097,4,1944,04/1944
2098,5,1944,05/1944
2099,6,1944,06/1944
2100,7,1944,07/1944
2101,8,1944,08/1944
2102,9,1944,09/1944
2103,10,1944,10/1944
2104,11,1944,11/1944
2105,12,1944,12/1944
2106,0,1945,00/1945
2107,14,1945,14/1945
2108,13,1945,13/1945
2109,1,1945,01/1945
2110,2,1945,02/1945
2111,3,1945,03/1945
2112,4,1945,04/1945
2113,5,1945,05/1945
2114,6,1945,06/1945
2115,7,1945,07/1945
2116,8,1945,08/1945
2117,9,1945,09/1945
2118,10,1945,10/1945
2119,11,1945,11/1945
2120,12,1945,12/1945
2121,0,1946,00/1946
2122,14,1946,14/1946
2123,13,1946,13/1946
2124,1,1946,01/1946
2125,2,1946,02/1946
2126,3,1946,03/1946
2127,4,1946,04/1946
2128,5,1946,05/1946
2129,6,1946,06/1946
2130,7,1946,07/1946
2131,8,1946,08/1946
2132,9,1946,09/1946
2133,10,1946,10/1946
2134,11,1946,11/1946
2135,12,1946,12/1946
2136,0,1947,00/1947
2137,12,2011,12/2011
2138,0,2012,00/2012
2139,14,2012,14/2012
2140,13,2012,13/2012
2141,1,2012,01/2012
2142,0,2013,00/2013
2143,2,2012,02/2012
2144,3,2012,03/2012
2145,4,2012,04/2012
2146,5,2012,05/2012
2147,6,2012,06/2012
2148,7,2012,07/2012
2149,8,2012,08/2012
2150,9,2012,09/2012
2151,10,2012,10/2012
2152,11,2012,11/2012
2153,12,2012,12/2012
2154,14,2013,14/2013
2155,13,2013,13/2013
2156,1,2013,01/2013
2157,2,2013,02/2013
2158,3,2013,03/2013
2159,4,2013,04/2013
2160,5,2013,05/2013
2161,6,2013,06/2013
2162,7,2013,07/2013
2163,8,2013,08/2013
2164,9,2013,09/2013
2165,10,2013,10/2013
2166,11,2013,11/2013
2167,12,2013,12/2013
2168,0,2014,00/2014
2169,14,2014,14/2014
2170,13,2014,13/2014
2171,1,2014,01/2014
2172,2,2014,02/2014
2173,3,2014,03/2014
2174,4,2014,04/2014
2175,5,2014,05/2014
2176,6,2014,06/2014
2177,7,2014,07/2014
2178,8,2014,08/2014
2179,9,2014,09/2014
2180,10,2014,10/2014
2181,11,2014,11/2014
2182,12,2014,12/2014
2183,0,2015,00/2015
2184,14,2015,14/2015
2185,13,2015,13/2015
2186,1,2015,01/2015
2187,2,2015,02/2015
2188,3,2015,03/2015
2189,4,2015,04/2015
2190,5,2015,05/2015
2191,6,2015,06/2015
2192,7,2015,07/2015
2193,8,2015,08/2015
2194,9,2015,09/2015
2195,10,2015,10/2015
2196,11,2015,11/2015
2197,12,2015,12/2015
2198,0,2016,00/2016
2199,14,2016,14/2016
2200,13,2016,13/2016
2201,1,2016,01/2016
2202,2,2016,02/2016
2203,3,2016,03/2016
2204,4,2016,04/2016
2205,5,2016,05/2016
2206,6,2016,06/2016
2207,7,2016,07/2016
2208,8,2016,08/2016
2209,9,2016,09/2016
2210,10,2016,10/2016
2211,11,2016,11/2016
2212,12,2016,12/2016
2213,0,2017,00/2017
2214,14,2017,14/2017
2215,13,2017,13/2017
2216,1,2017,01/2017
2217,2,2017,02/2017
2218,3,2017,03/2017
2219,4,2017,04/2017
2220,5,2017,05/2017
2221,6,2017,06/2017
2222,7,2017,07/2017
2223,8,2017,08/2017
2224,9,2017,09/2017
2225,10,2017,10/2017
2226,11,2017,11/2017
2227,12,2017,12/2017
2228,0,2018,00/2018
2229,14,2018,14/2018
2230,13,2018,13/2018
2231,1,2018,01/2018
2232,2,2018,02/2018
2233,3,2018,03/2018
2234,4,2018,04/2018
2235,5,2018,05/2018
2236,6,2018,06/2018
2237,7,2018,07/2018
2238,8,2018,08/2018
2239,9,2018,09/2018
2240,10,2018,10/2018
2241,11,2018,11/2018
2242,12,2018,12/2018
2243,0,2019,00/2019
2244,14,2019,14/2019
2245,13,2019,13/2019
2246,1,2019,01/2019
2247,2,2019,02/2019
2248,3,2019,03/2019
2249,4,2019,04/2019
2250,5,2019,05/2019
2251,6,2019,06/2019
2252,7,2019,07/2019
2253,8,2019,08/2019
2254,9,2019,09/2019
2255,10,2019,10/2019
2256,11,2019,11/2019
2257,12,2019,12/2019
2258,0,2020,00/2020
2259,14,2020,14/2020
2260,13,2020,13/2020
2261,1,2020,01/2020
2262,2,2020,02/2020
2263,3,2020,03/2020
2264,4,2020,04/2020
2265,5,2020,05/2020
