id_tempo;id_orgao;id_convenio;id_concedente;id_unidade_orc;id_situacao;ano_particao;vr_concedente_atual;vr_proponente_atual
37283;57;644;698;1993;2;2008;300000.00;0.00
37290;57;645;698;1993;2;2008;838000.00;98000.00
37800;57;990;1160;1993;2;2008;30000.00;0.00
37267;33;1032;112;3035;2;2008;60000.00;24000.00
37267;33;1067;112;3035;2;2008;60000.00;24000.00
37783;33;647;1151;3035;2;2008;387056.60;96764.15
37779;2;994;557;2398;2;2008;500000.00;0.00
37342;2;1010;403;2398;2;2008;250262.40;62565.60
37328;2;1018;403;2398;2;2008;12100000.00;6000000.00
38241;18;1065;412;2619;2;2008;23870.00;11480.00
36921;23;1036;694;3036;2;2008;1026825.00;274573.55
37757;23;995;557;3036;2;2008;1500000.00;300000.00
37792;23;996;330;3036;2;2008;3798525.33;1627939.43
37274;25;640;1159;2622;2;2008;975826.00;199240.00
37274;25;641;1159;2622;2;2008;463919.00;92784.00
37279;25;646;1159;2622;2;2008;21200.00;4300.00
37274;25;986;1159;2622;2;2008;335712.00;83928.00
37274;25;1073;1159;2622;2;2008;197568.00;49392.00
37274;25;984;1159;2622;2;2008;9600.00;2400.00
37274;25;998;1159;2622;2;2008;141151.20;35287.80
37274;25;1011;1159;2622;2;2008;100000.00;20000.00
37274;25;1027;1159;2622;2;2008;657237.00;131449.00
37274;25;1022;1159;2622;2;2008;126880.00;31720.00
37274;43;1048;1159;2829;2;2008;780000.00;156000.00
37778;43;979;987;2829;2;2008;353296.00;70660.00
37790;43;1008;987;2829;2;2008;1200000.00;240000.00
37787;43;978;331;2829;2;2008;120190.00;0.00
37359;13;639;985;2399;2;2008;2869466.27;0.00
37812;3;1038;1159;1767;2;2008;150000.00;37500.00
37274;3;1066;1159;1767;2;2008;456666.00;91334.00
37279;3;977;1159;1767;2;2008;49565032.67;9913006.89
37274;3;1006;1159;1767;2;2008;80000.00;16000.00
36920;17;1058;685;3343;2;2008;779380.80;194845.20
37329;6;1075;857;2616;2;2008;354919.00;0.00
36921;26;1074;108;2397;2;2008;22805277.31;3257896.76
38278;16;262;971;2936;2;2008;50000.00;0.00
37820;16;999;1120;2936;2;2008;100000.00;0.00
37779;16;971;968;2936;2;2008;90000.00;0.00
37812;16;1001;260;2936;2;2008;2490070.92;0.00
37806;16;985;604;2936;2;2008;16502.55;0.00
37332;4;1063;992;2505;2;2008;550000.00;110000.00
37329;4;1076;992;2505;2;2008;300000.00;29779.00
37273;4;975;992;2505;2;2008;3900000.00;1025000.00
38261;4;1026;992;2505;2;2008;366000.00;92000.00
37793;4;1041;992;2505;2;2008;270000.00;67500.00
38654;14;1021;391;2937;2;2008;250000.00;50000.00
37735;55;1002;112;2123;2;2008;457496.00;91499.20
37735;55;1029;112;2123;2;2008;221125.00;44225.00
37735;55;1030;112;2123;2;2008;221125.00;44225.00
38189;15;1042;827;2119;2;2008;2505888.13;749466.94
37784;35;973;374;2529;2;2008;120000.00;0.00
37797;35;1059;1089;2529;2;2008;55000.00;0.00
37797;35;991;111;2529;2;2008;1178626.40;24053.60
38641;35;1050;1060;2529;2;2008;4500000.00;0.00
37266;1;1017;259;3125;2;2008;4000000.00;1600000.00
37262;44;987;108;1885;2;2008;668808.01;133761.60
36921;44;988;108;1885;2;2008;436820.95;180000.00
36921;44;989;108;1885;2;2008;487514.30;126649.18
36921;44;969;108;1885;2;2008;639475.00;350000.00
37793;44;993;992;1885;2;2008;200000.00;100000.00
37274;24;648;1159;2729;2;2008;323640.00;80910.00
36920;12;1019;418;3371;2;2008;8095400.00;4335200.00
37792;9;1005;111;2506;2;2008;164704.00;40896.00
38671;34;197;107;2090;2;2009;250000.00;250000.00
38671;34;981;107;2090;2;2009;550000.00;550000.00
37286;34;287;107;2090;2;2008;1800000.00;1200000.00
37286;34;202;107;2090;2;2008;8346998.00;3421600.00
38671;34;234;107;2090;2;2009;500000.00;500000.00
39674;19;933;381;3296;1;2009;22282282.23;21282282.23
40032;19;257;795;3296;2;2009;5000000.00;5000000.00
39600;19;264;217;3296;2;2009;550000.00;550000.00
39585;19;189;959;3296;2;2009;834600.00;1332450.00
38653;19;288;850;3296;2;2008;7500000.00;5000000.00
39655;19;195;850;3296;2;2009;1000000.00;1000000.00
39118;19;236;850;3296;2;2009;2250000.00;1500000.00
39599;19;187;850;3296;2;2009;250000.00;250000.00
38669;19;212;850;3296;2;2009;7000000.00;12000000.00
37818;20;1070;418;1768;2;2008;1950000.00;1000000.00
38655;20;1035;270;1768;2;2008;6913281.78;6913281.78
38655;20;156;270;1768;2;2008;1000000.00;1000000.00
38654;20;203;270;1768;2;2008;1700000.00;1700000.00
38671;20;233;107;1768;2;2009;13599191.44;4549965.00
38660;40;159;470;2701;2;2009;480000.00;4848.50
38660;40;255;470;2701;2;2009;2219100.00;25900.00
38660;40;1060;470;2701;2;2009;213610.33;2157.68
38660;40;283;470;2701;2;2009;1528559.72;15440.00
38661;40;285;270;2701;2;2009;8371138.00;2094649.00
38671;40;261;1159;2701;2;2009;3242124.00;324212.40
39182;40;270;852;2701;2;2009;38523.60;40000.00
38641;40;171;852;2701;2;2008;7600.00;0.00
39153;40;225;103;2701;2;2009;4140000.00;0.00
40084;7;505;1101;2927;2;2010;425000.00;0.00
39208;7;272;259;2927;2;2009;12000000.00;3028321.01
38677;7;1024;689;2927;2;2009;485000.00;125000.00
38664;7;210;689;2927;2;2009;780000.00;200000.00
38655;50;974;108;1829;2;2008;59399044.63;6599893.84
37812;58;222;650;2462;2;2008;240000.00;0.00
37807;58;232;852;2462;2;2008;36823.23;0.00
38721;57;230;534;2278;2;2009;2615376.60;0.00
39569;57;247;236;2278;2;2009;250000.00;0.00
38679;57;169;1121;2278;2;2009;69600.00;0.00
39193;57;162;1120;2278;2;2009;960000.00;96000.00
39137;57;263;968;2278;2;2009;292000.00;0.00
39569;57;294;377;2278;2;2009;85000.00;0.00
38298;57;157;216;2278;2;2008;51653.23;0.00
38721;57;1049;469;2278;2;2009;24000.00;0.00
40030;57;266;1000;2278;2;2009;1320000.00;158400.00
39655;57;196;698;2278;2;2009;263200.00;61040.00
40041;57;72;698;2278;2;2009;120000.00;0.00
39589;57;273;1160;2278;2;2009;35000.00;0.00
39655;57;487;103;2278;2;2009;449016.00;0.00
39588;33;219;1151;3336;2;2009;407056.60;101764.15
39176;2;253;557;2279;2;2009;500000.00;0.00
39672;18;173;601;2251;2;2009;218000.00;82861.00
39129;5;172;992;2089;2;2009;676363.51;75151.50
40032;5;246;679;2089;2;2009;1500000.00;0.00
38686;23;201;747;3115;2;2009;61404000.00;0.00
40040;23;175;269;3115;2;2009;3311550.17;1419235.78
39179;42;155;863;2928;1;2009;3830721.84;8546556.10
37791;42;279;33;2928;2;2008;6326775.00;6326775.00
39196;42;223;88;2928;2;2009;42106781.49;10526695.37
38663;25;1034;1159;2929;2;2009;100000.00;40000.00
38663;25;1069;1159;2929;2;2009;122723.00;30680.00
38671;25;1072;1159;2929;2;2009;119600.00;29900.00
38663;25;245;1159;2929;2;2009;255113.00;64000.00
38671;25;191;1159;2929;2;2009;620352.00;134875.00
38675;43;177;1159;1870;2;2009;100000.00;20000.00
38677;43;200;99;1870;2;2009;31010.05;0.00
38675;13;1046;858;2496;2;2009;120000.00;24000.00
39610;13;176;109;2496;2;2009;888000.00;0.00
39130;13;242;985;2496;2;2009;600000.00;0.00
38675;3;280;1159;1871;2;2009;3108483.00;621897.00
38675;3;281;1159;1871;2;2009;200000.00;40000.00
38675;3;293;1159;1871;2;2009;100000.00;25000.00
38675;3;185;1159;1871;2;2009;400000.00;100000.00
38675;3;206;1159;1871;2;2009;119792.00;38408.00
38675;3;160;1159;1871;2;2009;80000.00;20000.00
38675;3;161;1159;1871;2;2009;100000.00;20000.00
38675;3;1044;1159;1871;2;2009;623345.00;124669.00
38675;3;1045;1159;1871;2;2009;100000.00;20000.00
38675;3;244;1159;1871;2;2009;190000.00;47500.00
37813;3;291;1159;1871;2;2008;300000.00;75000.00
37813;3;183;1159;1871;2;2008;880208.00;176042.00
38675;3;204;1159;1871;2;2009;726000.00;181500.00
38675;3;218;1159;1871;2;2009;1200000.00;240000.00
38675;3;254;1159;1871;2;2009;200000.00;51874.44
39129;17;292;992;3039;2;2009;291610.40;45113.15
39129;17;265;992;3039;2;2009;554341.14;61593.46
39129;17;252;992;3039;2;2009;543016.98;60335.22
39129;17;286;992;3039;2;2009;533433.16;59270.35
37747;17;269;840;3039;2;2008;5414385.00;1130304.00
39186;16;235;553;3245;2;2009;42000.00;0.00
38678;16;215;261;3245;2;2009;129145.00;2635.00
39193;16;184;260;3245;2;2009;6666205.68;0.00
40033;4;194;992;2625;2;2009;600000.00;150000.00
39131;4;1023;992;2625;2;2009;413052.36;45894.70
38681;4;1051;992;2625;2;2009;720000.00;80000.00
38681;4;278;992;2625;2;2009;262511.08;29167.90
39131;4;290;992;2625;2;2009;150000.00;37500.00
38655;4;277;264;2625;2;2008;860000.00;215000.00
38654;14;209;261;3248;2;2008;1015124.20;20717.00
39141;14;250;261;3248;2;2009;300000.00;6150.00
38654;14;170;261;3248;2;2008;1960000.00;40000.00
38664;55;199;177;3250;2;2009;98200.00;24550.00
38657;15;1039;391;1996;2;2009;480000.00;120000.00
38662;15;284;391;1996;2;2009;780000.00;629712.30
38653;15;214;825;1996;2;2008;200000.00;50000.00
38648;15;251;825;1996;2;2008;1520376.60;380164.40
38657;1;1016;1143;1772;2;2009;149980.50;16664.50
38657;1;1053;1143;1772;2;2009;512224.00;56916.00
38647;1;205;1139;1772;2;2008;526070.47;133070.00
38654;1;1052;1139;1772;2;2008;974912.76;246848.10
38670;44;158;108;2837;2;2009;150000.00;75000.00
38671;44;174;108;2837;2;2009;120000.00;60000.00
38675;44;192;108;2837;2;2009;200000.00;100000.00
38670;44;193;108;2837;2;2009;333333.00;166667.00
38671;44;186;108;2837;2;2009;300000.00;150000.00
38671;44;188;108;2837;2;2009;2400000.00;1200000.00
38670;44;198;108;2837;2;2009;100000.00;50000.00
38670;44;217;108;2837;2;2009;100100.00;50050.00
38671;44;224;108;2837;2;2009;230000.00;115000.00
38675;44;243;840;2837;2;2009;97000.00;50000.00
39576;44;211;1139;2837;2;2009;210094769.37;62438941.71
37824;12;213;418;1795;2;2008;292500.00;180484.36
39632;9;87;584;3041;2;2009;11160.00;0.00
37741;9;1061;177;3041;2;2008;96100.01;113815.46
37796;34;63;109;1914;2;2008;7999420.00;5334752.00
38671;34;618;107;1914;2;2009;700000.00;700000.00
40081;34;446;107;1914;2;2010;750000.00;520000.00
40518;49;241;109;2313;2;2010;1000000.00;308000.00
41056;49;601;109;2313;2;2010;2000000.00;5319999.32
41003;49;152;679;2313;2;2010;799098.00;769720.00
40588;19;582;217;1912;2;2010;399474.00;399474.00
41002;19;282;850;1912;2;2010;6000000.00;4000000.00
41002;19;164;850;1912;2;2010;3000000.00;2000000.00
41002;19;514;850;1912;2;2010;6000000.00;4000000.00
40080;19;91;98;1912;2;2010;786200.00;586200.00
41056;10;275;1121;3158;2;2010;20000.00;0.00
40076;11;181;98;2310;2;2010;83619774.00;0.00
40065;40;179;470;3151;2;2010;873713.81;8825.39
40067;40;78;470;3151;2;2010;129688.42;1309.98
40065;40;96;470;3151;1;2010;87736681.97;886229.11
40067;40;101;470;3151;2;2010;222083.78;2243.27
40059;40;62;470;3151;2;2009;148199.04;1496.96
40067;40;501;470;3151;2;2010;399119.46;4031.51
40053;40;616;470;3151;2;2009;2354160.60;23779.40
38660;40;597;470;3151;2;2009;1663021.61;16798.19
40058;40;67;856;3151;2;2009;232722.06;25905.64
40095;40;228;852;3151;2;2010;7600.00;0.00
40988;40;65;103;3151;2;2010;529543.60;0.00
40126;40;636;103;3151;2;2010;871276.44;0.00
38657;50;163;108;2131;2;2009;320000.00;80000.00
38657;50;563;108;2131;2;2009;300000.00;75000.00
40114;50;483;689;2131;2;2010;1209000.00;310000.00
40054;45;97;689;2536;2;2009;2263500.00;645080.00
40484;58;238;234;2734;2;2010;96000.00;0.00
40956;58;166;648;2734;2;2010;2029780.00;507445.00
40083;58;503;648;2734;2;2010;10643558.44;2660889.79
40053;58;572;648;2734;2;2009;278710.00;69678.00
40999;58;231;295;2734;2;2010;38400.00;0.00
40999;58;86;880;2734;2;2010;38400.00;0.00
39619;58;150;109;2734;2;2009;360802.00;120000.00
40522;58;256;852;2734;2;2010;35247.00;3500.00
39615;58;88;852;2734;2;2009;27960.00;53923.00
39189;58;89;852;2734;2;2009;32394.00;50000.00
37804;58;613;852;2734;2;2008;80000.00;0.00
39192;58;488;852;2734;2;2009;27631.00;53923.00
41412;58;151;991;2734;2;2010;144000.00;0.00
40076;58;583;1143;2734;2;2010;641066.00;71390.00
39666;58;638;977;2734;2;2009;46080.00;0.00
41045;57;153;971;2133;2;2010;20000.00;4000.00
41045;57;154;971;2133;2;2010;120000.00;24000.00
41008;57;504;81;2133;2;2010;700000.00;70000.00
40096;57;208;1121;2133;2;2010;69600.00;0.00
40060;57;566;1120;2133;2;2009;660000.00;0.00
40059;57;207;968;2133;2;2009;123200.00;0.00
40115;57;74;813;2133;2;2010;323000.00;35800.00
41439;57;519;796;2133;2;2010;5000000.00;0.00
40511;57;513;794;2133;2;2010;28598.22;0.00
41017;57;237;1160;2133;2;2010;55000.00;11000.00
40129;57;475;998;2133;2;2010;317446.52;40000.00
40090;57;259;857;2133;2;2010;936000.00;0.00
39680;57;542;261;2133;2;2009;8048640.41;164257.97
40504;57;77;247;2133;2;2010;180000.00;0.00
38681;2;92;992;2907;2;2009;585000.00;65000.00
40093;2;69;992;2907;2;2010;340000.00;0.00
40081;2;165;403;2907;2;2010;3366666.67;2133333.33
40051;23;628;177;2963;1;2009;32379198.79;15843737.01
40587;42;81;557;3150;2;2010;103021457.95;0.00
41020;36;80;99;1928;2;2010;1000000.00;0.00
40080;25;249;1159;1908;2;2010;80000.00;20000.00
40080;25;167;1159;1908;1;2010;1629799.00;407449.75
40080;25;580;1159;1908;2;2010;150000.00;37500.00
40081;25;633;1159;1908;2;2010;500000.00;125000.00
40059;43;553;987;3160;2;2009;696539.20;174134.80
40060;43;637;987;3160;2;2009;151200.00;37800.00
40123;13;258;985;2968;2;2010;652961.00;0.00
40587;13;94;985;2968;2;2010;2401022.83;0.00
40080;3;180;1159;2534;2;2010;7858474.09;1964619.00
40080;3;471;1159;2534;2;2010;1500000.00;375360.00
40581;17;240;861;2730;2;2010;13140000.00;18850000.00
40554;17;61;840;2730;2;2010;1623206.48;435992.00
40593;6;178;857;2542;2;2010;52924.56;12800.00
40124;6;98;857;2542;2;2010;514332.00;232000.00
40589;16;600;818;2732;2;2010;36000.00;0.00
40488;16;229;234;2732;2;2010;366000.00;0.00
40569;16;239;1160;2732;2;2010;31000.00;0.00
40068;16;568;111;2732;2;2010;999681.02;20640.00
40967;16;83;553;2732;2;2010;108500.00;0.00
40967;16;502;260;2732;2;2010;1774800.00;0.00
41433;16;565;393;2732;2;2010;90734.27;0.00
40559;4;73;992;2128;2;2010;150000.00;37500.00
40081;4;527;992;2128;2;2010;100000.00;25000.00
40116;4;611;992;2128;2;2010;408481.87;102120.47
40538;59;486;830;1911;2;2010;1760000.00;264000.00
38664;14;615;111;2324;2;2009;14700000.00;300000.00
40544;55;271;177;3168;2;2010;1395198.00;56075.00
38641;55;268;177;3168;2;2008;2509350.00;61462.50
37735;55;274;177;3168;2;2008;181565.00;37160.01
37735;55;148;177;3168;2;2008;473325.00;740340.99
37735;55;149;177;3168;2;2008;515069.54;587008.55
37735;55;168;177;3168;2;2008;295425.36;347458.57
37735;55;182;177;3168;2;2008;457496.00;91499.20
37735;55;84;177;3168;2;2008;295425.36;337311.15
37735;55;90;177;3168;2;2008;494095.68;588175.08
37735;55;484;177;3168;2;2008;196090.20;170837.79
37735;55;515;177;3168;2;2008;515069.54;613151.63
37735;55;437;177;3168;2;2008;494095.68;588252.17
37735;55;461;177;3168;2;2008;295425.36;344971.77
37735;55;462;177;3168;2;2008;494095.68;519441.37
37735;55;463;177;3168;2;2008;473325.00;758992.48
37735;55;490;177;3168;2;2008;494095.68;588168.81
37735;55;528;177;3168;2;2008;204766.32;247446.01
37735;55;543;177;3168;2;2008;494095.68;588335.62
37735;55;544;177;3168;2;2008;221125.01;132526.03
37735;55;555;177;3168;2;2008;473325.00;758926.54
41050;39;564;651;2474;2;2010;39443000.10;46293151.84
40589;56;438;260;1926;2;2010;10575182.82;0.00
37838;15;260;418;2754;2;2008;3900000.00;2000000.00
40061;15;82;1139;2754;2;2009;15380509.00;3862500.00
40060;15;121;1139;2754;2;2009;700700.00;175175.00
40061;15;79;391;2754;2;2009;1273264.20;410062.62
40065;15;439;391;2754;2;2010;290000.00;72500.00
40061;15;595;825;2754;2;2009;99995.04;24999.39
40059;48;99;1139;2979;2;2009;100000.00;27064.08
41462;35;71;677;2755;2;2010;1636350.67;33394.91
41465;35;75;677;2755;2;2011;2098022.36;42816.78
40076;1;443;1143;2733;2;2010;488810.92;122087.50
40068;1;220;1139;2733;2;2010;3965470.38;987403.62
40502;44;489;520;2752;2;2010;1000000.00;0.00
40080;44;227;108;2752;2;2010;2000000.00;400000.00
38671;44;276;108;2752;2;2009;100000.00;50000.00
38671;44;68;108;2752;2;2009;800000.00;400000.00
38671;44;70;108;2752;2;2009;100000.00;50000.00
40080;44;594;108;2752;2;2010;3941000.00;788200.00
38670;44;612;108;2752;2;2009;100000.00;50000.00
38670;44;516;108;2752;2;2009;633333.00;316667.00
38670;44;442;108;2752;2;2009;266667.00;133333.00
38671;44;444;108;2752;2;2009;246998.00;123316.00
38670;44;445;108;2752;2;2009;240000.00;120000.00
40080;44;626;992;2752;2;2010;150000.00;30000.00
40065;44;596;1143;2752;2;2010;720000.00;180000.00
40587;44;451;1143;2752;2;2010;500000.00;100000.00
40587;44;512;1139;2752;2;2010;393500.24;43722.25
37838;12;226;418;3169;2;2008;552825.00;283500.00
37841;12;248;418;3169;2;2008;195000.00;100000.00
37821;12;267;418;3169;2;2008;156000.00;80000.00
37821;12;289;418;3169;2;2008;175500.00;90000.00
37838;12;85;418;3169;2;2008;292500.00;150000.00
37838;12;95;418;3169;2;2008;97500.00;50000.00
37838;12;100;418;3169;2;2008;292500.00;150000.00
40989;12;102;418;3169;2;2010;58500.00;41500.00
37838;12;60;418;3169;2;2008;780000.00;400000.00
37838;12;64;418;3169;2;2008;292500.00;150000.00
37838;12;120;418;3169;2;2008;1462500.00;750000.00
37838;12;485;418;3169;2;2008;1365000.00;700000.00
37821;12;526;418;3169;2;2008;58500.00;41500.00
37821;12;536;418;3169;2;2008;175500.00;90000.00
37838;12;537;418;3169;2;2008;257400.00;132000.00
40989;12;538;418;3169;2;2010;58500.00;41500.00
37838;12;539;418;3169;2;2008;117487.50;60250.00
37821;12;540;418;3169;2;2008;117487.50;60250.00
37840;12;593;418;3169;2;2008;146250.00;75000.00
37838;12;491;418;3169;2;2008;585000.00;300000.00
37838;12;518;418;3169;2;2008;975000.00;500000.00
37821;12;556;418;3169;2;2008;58500.00;41500.00
38644;12;569;418;3169;2;2008;292500.00;150000.00
37838;12;570;418;3169;2;2008;1267500.00;650000.00
37838;12;584;418;3169;2;2008;682500.00;350000.00
37838;12;585;418;3169;2;2008;368550.00;189000.00
37838;12;598;418;3169;2;2008;877500.00;450000.00
37838;12;599;418;3169;2;2008;117487.50;60250.00
37838;12;627;418;3169;2;2008;117487.50;60250.00
37821;12;440;418;3169;2;2008;237900.00;122000.00
40989;12;970;418;3169;2;2010;975000.00;500000.00
38677;12;581;992;3169;2;2009;10237500.00;4095000.00
40588;9;517;111;3167;2;2010;1918442.00;72896.00
41469;49;492;1102;1778;2;2011;2430925.00;622418.00
41468;19;458;258;3256;2;2011;50000000.00;25000000.00
41467;19;459;258;3256;2;2011;50000000.00;25000000.00
41447;19;126;484;3256;2;2010;1000000.00;1000000.00
42341;19;104;767;3256;2;2011;7500000.00;7500000.00
41030;19;452;1062;3256;2;2010;4938622.90;4938439.66
41030;19;624;1062;3256;2;2010;5531692.12;5525065.98
41468;19;435;679;3256;2;2011;50000000.00;25000000.00
40083;20;464;652;2860;2;2010;20000.00;0.00
40065;20;460;470;2860;2;2010;1000000.00;250000.00
41466;20;557;470;2860;2;2011;500000.00;100000.00
41468;20;479;470;2860;2;2011;101054.86;0.00
41468;20;605;470;2860;2;2011;101054.86;1249.16
41465;20;532;470;2860;2;2011;141665.44;1433.86
42840;20;551;270;2860;2;2011;113400.00;22680.00
41479;20;453;107;2860;2;2011;700000.00;175000.00
41483;20;128;107;2860;2;2011;5494994.98;1373748.74
41479;20;1105;107;2860;2;2011;2453422.02;613355.51
41035;20;495;845;2860;2;2010;100000.00;20000.00
41412;40;634;470;2656;2;2010;565195.67;5709.05
40061;40;635;470;2656;2;2009;492076.35;4970.47
41462;40;620;470;2656;2;2010;305231.53;3083.15
41481;40;448;470;2656;2;2011;113319.85;1144.65
41462;40;467;470;2656;2;2010;363325.83;3669.96
41466;40;480;470;2656;2;2011;1173453.35;12000.00
42814;40;469;270;2656;2;2011;188054.41;20894.93
41467;40;493;855;2656;2;2011;350944.11;3544.89
40589;40;602;855;2656;2;2010;1395451.53;14095.47
40589;40;574;855;2656;2;2010;377691.30;3816.00
40589;40;622;855;2656;2;2010;1712700.00;17300.00
41980;40;1143;855;2656;2;2011;1858818.33;37935.07
41910;40;1106;103;2656;2;2011;2160000.00;0.00
41467;40;436;607;2656;2;2011;230000.00;0.00
40540;7;500;840;2954;1;2010;18143641.56;1854400.00
41927;7;129;840;2954;1;2011;178996359.62;19888484.39
42898;45;552;1143;2230;2;2012;1535377.20;404935.70
38671;31;541;107;2432;1;2009;12600000.00;3150000.00
40076;31;617;107;2432;2;2010;700000.00;180000.00
40080;31;525;689;2432;2;2010;468000.00;239999.98
40080;31;441;689;2432;2;2010;1657500.00;849988.00
40089;31;619;689;2432;2;2010;341250.00;175000.00
40080;31;535;689;2432;2;2010;182910.00;94226.37
37267;31;567;1143;2432;2;2008;14000000.00;6000000.00
40086;31;592;1143;2432;2;2010;300000.00;147761.19
41498;58;482;518;2433;2;2011;45000.00;0.00
40956;58;554;648;2433;2;2010;200855.00;50213.80
41454;58;608;300;2433;2;2010;48960.00;0.00
41447;58;586;852;2433;2;2010;44045.00;0.00
37804;58;607;852;2433;2;2008;18100.00;0.00
41482;58;449;852;2433;2;2011;45907.00;0.00
41447;58;1161;852;2433;2;2010;47571.00;10000.00
42382;58;609;258;2433;2;2011;172000.00;0.00
41940;58;119;483;2433;2;2011;343000.00;0.00
42387;57;447;236;2114;2;2011;300000.00;48000.00
42397;57;575;381;2114;2;2011;85860.00;0.00
41495;57;558;1121;2114;2;2011;78000.00;0.00
41504;57;508;968;2114;2;2011;595000.00;47000.00
41466;57;216;968;2114;2;2011;620000.00;62000.00
42341;57;109;1089;2114;2;2011;50000.00;10000.00
41034;57;116;21;2114;2;2010;690000.00;247600.00
42397;57;107;863;2114;2;2011;300000.00;0.00
42794;57;1171;859;2114;2;2011;120000.00;26400.00
42811;57;142;698;2114;2;2011;120000.00;79600.00
42346;57;509;999;2114;2;2011;54000.00;72000.00
42839;57;562;1160;2114;2;2011;55000.00;11000.00
42355;57;623;857;2114;2;2011;2597845.08;0.00
40589;57;522;261;2114;2;2010;561843.14;18060.00
41461;57;511;261;2114;2;2010;358890.00;7525.00
41425;57;534;261;2114;2;2010;2146964.91;47435.01
42861;57;113;261;2114;2;2011;1623327.20;42587.00
41459;57;118;261;2114;2;2010;329886.23;39621.01
41494;57;494;103;2114;2;2011;146400.00;29280.00
42430;57;133;1151;2114;2;2011;1513737.34;15300.00
42793;57;130;482;2114;2;2011;7173.59;0.00
41511;57;571;478;2114;2;2011;70160.00;14032.00
41477;57;506;542;2114;2;2011;960000.00;134400.00
41910;33;547;520;3361;2;2011;55000000.00;0.00
40589;33;472;1151;3361;2;2010;427056.60;106764.15
42407;2;454;557;2955;2;2011;600000.00;0.00
42397;2;470;557;2955;2;2011;2642163.06;0.00
42883;2;310;992;2955;2;2012;400000.00;100000.00
36044;2;477;403;2955;2;2012;890370.15;300000.01
42424;23;610;557;2297;2;2011;241000000.00;0.00
42833;23;632;557;2297;2;2011;44790504.00;0.00
42362;23;1160;557;2297;2;2011;17000000.00;0.00
41897;23;1124;830;2297;2;2011;680000.00;2465000.00
42829;42;631;557;1782;2;2011;16000000.00;0.00
42445;42;533;557;1782;2;2011;2700000.00;0.00
42808;42;131;557;1782;2;2011;4200000.00;0.00
40089;43;576;1159;2016;2;2010;264825.00;66206.25
42853;43;524;987;2016;2;2011;700422.56;175106.00
42853;43;561;987;2016;2;2011;682521.60;170630.40
40080;3;587;1159;3068;2;2010;5517136.99;1379284.25
38663;3;589;1159;3068;2;2009;484000.00;121000.00
38675;3;630;1159;3068;2;2009;1500000.00;375000.00
38663;3;432;1159;3068;2;2009;6600000.00;1650000.00
38677;3;127;1159;3068;2;2009;125000.01;75416.85
38675;3;134;1159;3068;2;2009;3000000.00;600000.00
40079;3;135;1159;3068;2;2010;1000000.00;250000.50
38677;3;137;1159;3068;2;2009;11490000.00;2872500.00
41517;16;520;968;1897;2;2011;150000.00;0.00
42430;16;481;1089;1897;2;2011;50000.00;0.00
41460;16;66;416;1897;2;2010;319874.61;6528.05
42894;4;108;992;3137;2;2012;500000.00;125000.00
41462;4;221;264;3137;2;2010;567227.27;141806.82
41465;14;473;560;2116;2;2011;243763.20;60940.80
41419;14;474;261;2116;2;2010;1998676.16;40789.31
40544;55;498;177;3363;2;2010;386468.00;18510.00
40061;15;433;1139;3364;2;2009;15380509.00;3862500.00
42856;15;588;678;3364;2;2011;1980000.00;220000.00
41460;15;76;827;3364;2;2010;5420165.06;2708959.89
40588;15;465;391;3364;2;2010;249600.00;62400.00
41468;15;559;391;3364;2;2011;400000.00;100000.00
42847;15;560;391;3364;2;2011;1200000.00;300000.00
42420;15;103;391;3364;2;2011;2823093.45;3059970.24
40589;15;521;825;3364;2;2010;100000.00;25000.00
41462;35;591;416;2300;2;2010;766417.73;15641.18
41462;35;141;416;2300;2;2010;404306.44;8251.15
41452;44;614;1139;2029;2;2010;450000.00;90000.00
42861;12;573;418;2118;2;2011;500000.00;121875.00
42880;12;1136;334;2118;2;2012;149959.99;37490.00
41904;27;115;92;3313;2;2011;23820270.13;5990317.31
36493;34;1155;108;2661;2;2012;76328232.87;7304956.00
36492;34;1166;108;2661;1;2012;6880308.00;816148.00
37382;34;1130;107;2661;2;2013;1000000.00;250000.00
36002;19;1117;850;3262;2;2012;4120000.00;4000000.00
36549;19;1206;1153;3262;2;2012;2500000.00;2500000.00
41466;40;1207;470;3093;2;2011;7311390.16;73852.43
36501;40;1195;270;3093;2;2012;190580.00;1925.05
38351;40;1089;270;3093;2;2013;150000.00;1515.15
36076;40;146;855;3093;2;2012;2902167.58;29314.82
36085;40;311;855;3093;2;2012;574171.29;5799.71
37476;40;1110;855;3093;2;2013;351075.00;39008.33
37433;40;1096;855;3093;2;2013;224500.00;2267.88
37391;40;1087;855;3093;2;2013;1897630.02;19167.98
37016;40;1183;261;3093;2;2012;254800.00;5200.00
42848;40;507;103;3093;2;2011;738227.11;0.00
36480;40;145;103;3093;2;2012;2358694.66;0.00
36044;40;1137;103;3093;2;2012;2160000.00;0.00
36508;40;1203;103;3093;2;2012;134080.00;0.00
36076;40;1121;103;3093;2;2012;2806454.43;0.00
42874;7;1181;108;3284;2;2012;8689500.00;965500.00
37014;7;1133;259;3284;2;2012;175000.00;4999.75
37034;7;394;689;3284;2;2013;260000.00;65000.00
42884;7;1099;689;3284;2;2012;1121250.00;280500.00
37034;7;1177;1143;3284;2;2013;300000.00;34000.00
37378;50;1167;840;2875;2;2013;475000.00;25000.00
37379;31;1198;1143;3259;2;2013;400000.00;196400.00
37379;31;1132;1143;3259;2;2013;500000.00;216100.00
37033;31;1149;1143;3259;2;2013;2913459.15;1105040.85
37379;31;1077;1143;3259;2;2013;200000.00;142000.00
37379;31;1170;1143;3259;2;2013;350000.00;161200.00
37379;31;1180;1143;3259;2;2013;1000000.00;111200.00
41418;58;476;648;3261;2;2010;7249277.34;1812319.36
41454;58;1182;1063;3261;2;2010;240000.00;0.00
36001;58;629;1143;3261;2;2012;298449.98;74612.50
36001;58;1163;1143;3261;2;2012;428226.00;107080.00
42861;58;1202;1143;3261;2;2011;404710.05;101177.51
36548;57;1108;385;2052;2;2012;801000.00;89000.00
42868;57;578;1122;2052;2;2012;21526831.48;0.00
42892;57;456;1121;2052;2;2012;102000.00;25680.00
36987;57;1176;1160;2052;2;2012;55000.00;11000.00
36488;57;1140;553;2052;2;2012;219760.00;0.00
37021;57;457;261;2052;2;2013;195807.00;4000.00
36549;57;1088;34;2052;2;2012;52062.75;11412.55
36016;57;1125;333;2052;2;2012;46000.00;9200.00
42862;33;545;470;2676;2;2011;14257606.39;144016.23
42859;33;621;470;2676;2;2011;1500847.92;15160.08
42860;33;499;470;2676;2;2011;602105.16;6081.87
42862;33;105;470;2676;2;2011;24333333.92;245791.25
36495;33;1190;1151;2676;2;2012;262530.00;29170.00
36953;2;1209;557;3092;2;2012;600000.00;0.00
42835;2;546;992;3092;2;2011;300022.00;75005.50
36991;2;1409;992;3092;2;2012;1199323.66;299830.91
37386;2;1122;992;3092;2;2013;405000.00;45000.00
42881;2;606;264;3092;2;2012;918777.59;229694.40
36987;2;1151;608;3092;2;2012;200000.00;100440.00
37407;9;1131;391;3358;2;2013;199300.00;22272.00
36492;29;1146;108;3062;2;2012;9766791.01;514041.63
37846;44;1112;689;2111;2;2013;1200000.00;133333.33
42863;44;1109;1139;2111;2;2011;46500000.00;5963790.56
36493;28;1156;993;3063;2;2012;500000.00;215250.00
36490;37;1189;663;3061;2;2012;1000000.00;0.00
36113;37;1126;830;3061;2;2012;2060752.17;283626.00
37862;34;807;108;3173;1;2013;132774303.54;6988121.24
38774;34;809;107;3173;2;2014;1000000.00;250000.00
38774;34;927;107;3173;2;2014;5000000.00;1250000.00
38771;34;753;107;3173;2;2014;2000000.00;500000.00
37885;19;914;109;2996;2;2013;9000000.01;6776000.00
37888;19;880;109;2996;2;2013;899716.52;600000.00
37396;19;1150;850;2996;2;2013;5000000.00;3334000.00
37022;20;862;470;1948;2;2013;250000.00;2525.26
37452;20;1142;855;1948;2;2013;100250.00;1012.63
37899;20;798;855;1948;2;2013;1318810.38;13321.32
38309;20;911;845;1948;2;2013;290285.29;2932.17
36999;20;827;845;1948;2;2012;276450.00;2792.42
38777;40;841;418;3185;2;2014;350000.00;18421.05
37378;40;864;1159;3185;2;2013;692100.00;6991.08
37870;40;797;103;3185;2;2013;2600000.00;0.00
37869;40;816;103;3185;2;2013;2089756.40;0.00
37945;40;12;103;3185;2;2013;2590573.32;0.00
37869;40;776;103;3185;2;2013;1002634.56;0.00
38394;40;792;103;3185;2;2013;1817147.77;0.00
37946;7;783;689;2557;2;2013;1000000.00;250428.50
37954;7;760;689;2557;2;2013;500000.00;125000.00
37933;7;1169;840;2557;2;2013;7610000.00;401000.00
37378;7;854;840;2557;2;2013;4760666.00;528962.89
37379;7;759;1143;2557;2;2013;225000.00;25000.00
38784;50;766;259;3396;2;2014;376408.19;19810.96
38781;45;889;856;1949;2;2014;492636.95;64530.00
38391;45;1192;689;1949;2;2013;8953167.64;1008567.99
37913;31;764;214;2611;2;2013;39700.00;0.00
38770;31;805;689;2611;2;2014;975000.00;110000.00
37393;31;833;840;2611;2;2013;1160000.00;30000.00
38407;31;843;1143;2611;2;2013;100000.00;50400.00
38770;31;904;1143;2611;2;2014;1200000.00;550000.00
38407;31;789;1143;2611;2;2013;490000.00;201840.00
38770;31;755;1143;2611;2;2014;2000000.00;998840.00
37016;58;820;648;3233;2;2012;486470.00;54052.22
38863;58;822;648;3233;1;2014;850000.00;94445.00
37016;58;926;648;3233;2;2012;100000.00;11112.00
37456;58;891;856;3233;2;2013;805683.17;89990.00
42853;58;1115;109;3233;2;2011;441700.00;2674082.16
37892;57;877;664;1933;2;2013;104125.50;20825.10
37442;57;840;381;1933;2;2013;897130.00;0.00
37890;57;782;1120;1933;2;2013;700700.00;126560.00
38377;57;791;968;1933;2;2013;412500.00;82500.00
38335;57;10;530;1933;2;2013;1500000.00;300000.00
38335;57;901;530;1933;2;2013;1500000.00;300000.00
37925;57;835;813;1933;2;2013;36000.00;7200.00
38408;57;859;660;1933;2;2013;153951.03;30790.21
38303;57;888;792;1933;2;2013;49454.44;9890.88
38303;57;860;1096;1933;2;2013;49454.44;9890.89
37890;57;11;1089;1933;2;2013;70000.00;14000.00
37477;57;838;469;1933;2;2013;388524.48;49278.66
37469;57;915;894;1933;2;2013;278993.30;44490.71
38338;57;857;863;1933;2;2013;102000.00;20400.00
38773;57;815;418;1933;2;2014;3960000.00;440000.00
38309;57;900;859;1933;2;2013;209438.41;39245.67
37476;57;856;859;1933;2;2013;489600.00;0.00
37890;57;824;698;1933;2;2013;220000.00;80483.70
38408;57;818;1160;1933;2;2013;55000.00;11000.00
38788;57;817;856;1933;2;2014;419400.00;46600.00
37016;57;93;261;1933;2;2012;1002974.60;40000.00
38757;57;832;261;1933;2;2013;823857.52;91539.72
38766;57;916;261;1933;2;2014;300000.00;81207.75
37925;57;790;336;1933;2;2013;20835.66;0.00
37482;57;801;485;1933;2;2013;57734.40;0.00
37890;57;823;1134;1933;2;2013;432000.00;86400.00
37905;33;808;1151;3174;2;2013;263907.00;29323.00
38309;2;899;736;3388;2;2013;15000.00;145000.00
38331;2;890;557;3388;2;2013;600000.00;0.00
37933;2;906;993;3388;2;2013;42000.00;0.00
36991;2;1103;992;3388;2;2012;1580140.00;175571.11
36991;2;1104;992;3388;2;2012;255560.17;28395.57
37016;2;1147;264;3388;2;2012;371846.78;72330.79
37898;2;754;610;3388;2;2013;45596.46;45596.46
37846;2;1092;766;3388;2;2013;142366.42;0.00
38386;18;765;416;3182;2;2013;393198.00;47763.55
36010;23;1116;857;2147;2;2012;16697800.00;0.00
36010;23;1134;988;2147;2;2012;522000.00;0.00
36991;23;769;177;2147;1;2012;15620000.00;0.00
36991;23;794;177;2147;2;2012;50000000.00;0.00
37481;23;795;177;2147;1;2013;52818063.87;0.00
36991;23;780;177;2147;1;2012;10000000.00;0.00
36991;23;781;177;2147;1;2012;19144944.77;0.00
36991;23;784;177;2147;1;2012;11150000.00;0.00
36991;23;925;177;2147;1;2012;15660000.00;0.00
36991;23;775;177;2147;1;2012;25000000.00;0.00
36991;23;836;177;2147;1;2012;13280000.00;0.00
36991;23;902;177;2147;1;2012;15000000.00;0.00
36991;23;903;177;2147;1;2012;14360000.00;0.00
36991;23;912;177;2147;1;2012;34950000.00;0.00
36991;23;913;177;2147;1;2012;35000000.00;0.00
36991;23;804;177;2147;1;2012;25000000.00;0.00
36991;23;865;177;2147;1;2012;15820000.00;0.00
38754;42;866;1064;3184;2;2013;20772000.00;0.00
36474;42;1186;88;3184;2;2012;17399363.77;0.00
37028;25;861;1159;2789;2;2013;800000.00;90000.00
41454;25;834;1159;2789;2;2010;100000.00;25000.00
41454;25;879;1159;2789;2;2010;200000.00;50000.00
39778;25;779;332;2789;1;2014;500000.00;56000.00
38765;25;1200;332;2789;1;2014;1600120.00;178000.00
38773;25;1346;332;2789;1;2014;3329999.96;370000.00
39314;25;15;332;2789;2;2014;201510.00;22390.00
39774;25;16;332;2789;2;2014;500000.00;55952.00
38322;13;799;985;2788;2;2013;100000.00;0.00
42873;3;1201;1159;1934;2;2012;6400000.00;1600000.00
42868;3;821;1159;1934;2;2012;2080635.00;520158.75
37029;3;871;1159;1934;2;2013;208017.00;23113.00
42866;3;887;1159;1934;2;2012;500000.00;125000.00
42866;3;837;1159;1934;2;2012;350000.00;87500.00
42866;3;1368;1159;1934;2;2012;4129515.66;1032378.92
42866;3;917;1159;1934;2;2012;250000.00;62500.00
38345;16;858;818;2333;2;2013;63000.00;0.00
37948;16;831;863;2333;2;2013;80000.00;0.00
37460;16;846;553;2333;2;2013;42000.00;0.00
37022;16;1091;260;2333;2;2013;22659309.68;0.00
38302;16;13;985;2333;2;2013;100000.00;0.00
38341;16;847;392;2333;2;2013;80000.00;0.00
37383;4;1144;334;2334;2;2013;633000.00;70333.33
37384;4;876;334;2334;2;2013;633000.00;70333.33
37389;4;878;1058;2334;2;2013;290647.94;15297.26
38362;4;777;1058;2334;2;2013;140354.85;15594.99
37016;59;803;416;2162;2;2012;222988.76;4550.79
38777;14;875;416;3175;2;2014;3579388.30;403248.00
38759;14;830;111;3175;2;2014;573455.83;87362.41
37016;14;1178;261;3175;2;2012;1961570.12;40326.00
37021;14;1148;1065;3175;2;2013;1707548.07;254451.93
38791;15;1078;391;2152;2;2014;0.00;0.00
37916;15;828;391;2152;2;2013;648180.05;209863.78
37015;15;758;825;2152;2;2012;0.00;0.00
38354;29;785;108;1942;2;2013;82438936.80;18554027.80
37021;29;842;982;1942;2;2013;8360083.21;440004.38
38774;44;819;335;2165;2;2014;485874.65;25572.35
37390;44;892;1143;2165;2;2013;3100000.00;341000.00
38407;44;802;1139;2165;1;2013;121164036.35;30291009.09
39789;53;305;685;2199;2;2014;744684.00;185413.72
37379;34;353;108;2352;2;2013;48000000.00;0.00
38407;19;883;850;2795;1;2013;3000000.00;2000000.00
38407;19;371;850;2795;1;2013;4000000.00;3000000.00
39747;19;343;850;2795;1;2014;5000000.00;3000000.00
38364;19;852;258;2795;1;2013;9165230.34;0.00
36958;34;406;177;2594;2;2012;90000000.00;0.00
37879;19;309;38;2375;2;2013;1846800.00;1846800.00
39769;19;297;181;2375;2;2014;525000.00;500000.00
38774;19;313;1062;2375;2;2014;7000000.00;6250000.00
38774;19;1153;1062;2375;2;2014;7000000.00;6250000.00
41581;40;405;418;2187;2;2016;100000.00;7000.00
39792;40;344;1159;2187;2;2014;125000.00;0.00
40712;40;298;855;2187;2;2015;1243650.67;12562.13
41568;40;336;855;2187;1;2016;838109.39;838.95
40226;40;399;103;2187;2;2015;633242.88;0.00
40232;40;320;103;2187;2;2015;60000.00;0.00
40689;40;356;103;2187;2;2015;1526026.25;0.00
40658;40;301;103;2187;2;2015;2400000.00;0.00
41094;40;349;103;2187;2;2015;2860264.33;0.00
41178;40;366;103;2187;2;2015;748980.00;0.00
40637;40;751;103;2187;2;2015;1253853.84;0.00
37014;7;429;259;3014;2;2012;725000.00;95000.05
40167;7;425;689;3014;2;2015;2230702.50;45525.00
41580;7;348;1143;3014;1;2016;5000000.00;50000.00
41566;7;409;1143;3014;2;2016;100000.00;13605.29
40170;7;422;1139;3014;2;2015;6762000.00;138000.00
41581;50;683;108;3019;2;2016;1600000.00;32654.00
40602;45;330;487;3021;2;2015;88140.00;0.00
38788;31;331;856;2190;2;2014;804814.87;93986.63
39259;31;428;1143;2190;2;2014;2100000.00;233500.00
38773;31;318;1143;2190;2;2014;150000.00;17000.00
40155;58;401;648;1976;2;2014;252900.00;28100.00
41587;58;724;689;1976;2;2016;500000.00;10204.08
41123;57;347;1116;3206;2;2015;65000.00;13000.00
41147;57;1152;364;3206;2;2015;90000.00;18000.00
40673;57;361;294;3206;2;2015;2400000.00;0.00
40681;57;321;1000;3206;2;2015;1356000.00;271200.00
40162;57;315;698;3206;2;2014;202784.32;77040.58
41123;57;364;1160;3206;2;2015;50000.00;10000.00
40611;57;391;998;3206;2;2015;193471.11;81894.22
40207;57;676;557;3206;2;2015;100887.00;0.00
39775;57;404;261;3206;2;2014;1381117.84;154815.82
40160;57;423;261;3206;2;2014;1350940.00;75000.00
40185;57;333;261;3206;2;2015;319173.33;39655.15
40168;57;374;261;3206;2;2015;371766.39;41597.61
40232;57;418;839;3206;2;2015;88000.00;46339.08
41531;33;707;1151;2178;2;2015;211859.34;23552.40
40686;2;382;557;2803;2;2015;1000000.00;0.00
39784;2;362;403;2803;2;2014;115239.60;28809.90
41067;23;417;557;1964;1;2015;11807000.00;0.00
41067;23;427;557;1964;2;2015;9000000.00;0.00
41067;23;698;557;1964;2;2015;47944910.29;0.00
41101;42;749;557;2380;2;2015;63060759.00;0.00
41105;42;657;557;2380;2;2015;13600000.00;0.00
39782;8;410;1064;2811;2;2014;494101.24;0.00
42866;8;358;332;2811;2;2012;500000.00;125000.00
38663;8;359;332;2811;2;2009;122723.00;30680.00
41472;8;390;332;2811;2;2011;100000.00;25000.00
42866;8;408;332;2811;2;2012;250000.00;62500.00
42866;8;300;332;2811;2;2012;6400000.00;1600000.00
42866;8;303;332;2811;2;2012;350000.00;87500.00
41454;8;306;332;2811;2;2010;150000.00;50000.00
40182;36;424;1058;2184;2;2015;119169.20;2500.00
40192;3;1316;1058;2370;2;2015;1500000.00;300000.00
39788;13;323;1159;2600;2;2014;1700000.00;0.00
40192;51;387;1058;3422;2;2015;1500000.00;300000.00
40157;40;870;470;3200;2;2014;100000.00;1010.10
39299;40;140;855;3200;2;2014;218680.00;218.90
38781;40;905;855;3200;2;2014;370552.00;19502.74
39688;40;317;103;3200;2;2014;2400000.00;0.00
38849;40;339;103;3200;2;2014;36000.00;0.00
39688;40;351;103;3200;2;2014;633242.88;0.00
39708;40;352;103;3200;2;2014;2860264.33;0.00
39692;40;370;103;3200;2;2014;748980.00;0.00
39337;40;378;103;3200;2;2014;2042800.00;0.00
39692;40;389;103;3200;2;2014;500688.00;0.00
39692;40;397;103;3200;2;2014;748980.00;0.00
39688;40;421;103;3200;2;2014;36000.00;0.00
39761;40;357;103;3200;2;2014;1253853.84;0.00
38843;40;369;476;3200;2;2014;72246.26;0.00
40170;7;413;1139;2790;2;2015;6762000.00;138000.00
39785;31;921;689;3008;1;2014;832335.00;17100.00
39785;31;762;689;3008;2;2014;1113930.00;22800.00
39282;31;814;689;3008;2;2014;800000.00;16350.00
40149;31;898;1143;3008;2;2014;2067000.00;45000.00
38342;58;328;648;2175;1;2013;1699850.00;424962.50
38763;58;380;648;2175;1;2014;4714819.00;523869.00
37033;58;868;1143;2175;2;2013;162990.00;18407.50
39700;57;341;385;3405;2;2014;801000.00;89128.12
38835;57;874;534;3405;2;2014;2582760.39;0.00
39701;57;367;236;3405;2;2014;0.00;90000.00
39266;57;884;377;3405;2;2014;62120.17;7588.00
39736;57;299;813;3405;2;2014;72000.00;14400.00
38303;57;787;792;3405;2;2013;49454.44;9890.88
38855;57;845;191;3405;2;2014;120866.65;4391.55
38855;57;853;1072;3405;2;2014;51954.44;10390.89
39786;57;307;731;3405;2;2014;60000.00;12000.00
38782;57;796;1166;3405;2;2014;280000.00;56000.00
39688;57;354;859;3405;2;2014;78000.00;15600.00
39321;57;368;999;3405;2;2014;90000.00;136758.00
38864;57;869;857;3405;2;2014;1116000.00;0.00
38855;57;813;262;3405;2;2014;266000.00;43200.00
39775;57;763;261;3405;2;2014;100087.96;11120.89
40160;57;379;261;3405;2;2014;950000.00;50000.00
39775;57;825;261;3405;2;2014;399402.97;49832.63
39789;57;844;261;3405;2;2014;1797564.01;202360.40
39775;57;778;261;3405;2;2014;638730.00;70970.00
39266;57;910;103;3405;2;2014;132000.00;26400.00
39727;57;304;103;3405;2;2014;823437.50;166500.00
39295;57;773;1151;3405;2;2014;2905527.04;29348.76
39782;57;329;985;3405;2;2014;85000.00;17000.00
39296;33;939;1151;3406;2;2014;443237.09;49248.72
39715;2;383;736;1950;2;2014;40000.00;0.00
39260;2;894;557;1950;2;2014;382580.69;0.00
38803;2;923;557;1950;2;2014;2500000.00;0.00
38757;2;800;264;1950;2;2013;305695.13;61645.53
39779;5;430;557;2361;2;2014;58712.08;0.00
40638;23;937;557;2791;2;2015;8000000.00;0.00
41533;23;338;557;2791;2;2015;10000000.00;0.00
39793;23;381;557;2791;2;2014;6101063.35;0.00
39730;23;400;557;2791;2;2014;40300000.00;0.00
38849;42;806;557;3006;2;2014;266000000.00;0.00
39729;42;1482;557;3006;2;2014;274100000.00;0.00
38760;42;885;557;3006;2;2014;9500000.00;0.00
39269;42;324;486;3006;2;2014;1200000.00;0.00
39778;42;31;1064;3006;1;2014;2860500.00;0.00
38803;42;770;1064;3006;2;2014;934317.41;0.00
38848;42;793;1064;3006;2;2014;12608834.98;0.00
39275;42;897;1064;3006;2;2014;14850000.00;0.00
39231;42;919;1064;3006;2;2014;11300000.00;0.00
39700;42;340;1064;3006;2;2014;2286573.90;0.00
39772;42;314;1064;3006;2;2014;5701432.75;0.00
39239;42;14;1064;3006;1;2014;3000000.00;0.00
38803;42;849;1064;3006;2;2014;3337523.05;0.00
38803;42;850;1064;3006;2;2014;2322563.48;0.00
38803;42;851;1064;3006;2;2014;485000.00;0.00
39230;42;872;1064;3006;2;2014;500000.00;0.00
40715;42;811;1064;3006;2;2015;7862500.00;0.00
38837;42;829;1064;3006;2;2014;506197029.15;0.00
39317;42;881;1064;3006;1;2014;530000.00;0.00
38801;42;761;1064;3006;2;2014;32700000.00;0.00
38808;42;867;399;3006;2;2014;1384861000.00;0.00
38770;8;767;416;3196;2;2014;10546507.29;1171834.14
38770;8;839;416;3196;2;2014;11640000.00;2272711.82
38770;8;788;416;3196;2;2014;11031975.37;1225775.04
38770;8;810;416;3196;2;2014;10759461.30;1195495.70
38770;8;826;416;3196;2;2014;11640000.00;1389499.27
38770;8;855;416;3196;2;2014;10845812.91;1205090.32
38770;8;863;416;3196;2;2014;10427946.34;1158660.70
38770;8;908;416;3196;2;2014;10360335.49;1151148.39
37023;8;848;111;3196;2;2013;2362500.01;6049988.85
37023;8;893;111;3196;2;2013;3442500.01;3555567.67
37023;8;909;111;3196;2;2013;3442500.01;5941857.78
37023;8;920;111;3196;2;2013;3442500.01;5849596.32
38851;8;756;1064;3196;2;2014;952329.73;0.00
38803;8;774;1064;3196;2;2014;2748954.97;0.00
38772;8;786;1064;3196;2;2014;674919.00;0.00
38851;8;812;1064;3196;2;2014;1081383.20;0.00
38770;25;771;332;2797;2;2014;350100.00;38900.74
38765;25;873;332;2797;2;2014;900000.01;299856.00
38849;43;938;109;3199;2;2014;906400.00;102145.00
40178;17;373;685;2166;2;2015;2284000.00;571000.00
39323;16;1079;968;2792;2;2014;100000.00;0.00
39318;16;918;436;2792;2;2014;42000.00;0.00
38408;16;907;1160;2792;2;2013;40000.00;0.00
39287;16;882;553;2792;2;2014;42000.00;0.00
39318;16;772;103;2792;2;2014;60000.00;0.00
40169;14;139;391;1953;2;2015;15773041.86;321898.81
37034;55;922;177;2356;2;2013;493100.00;125000.00
40068;55;350;177;2356;2;2010;1358270.00;30650.00
40065;55;372;177;2356;2;2010;763968.00;18510.00
39267;39;896;1064;2793;2;2014;12500000.00;0.00
39267;39;895;1064;2793;2;2014;12500000.00;0.00
38760;15;886;678;3000;1;2014;1000000.00;111150.00
40171;15;332;391;3000;2;2015;750000.00;1035000.00
40182;15;384;391;3000;2;2015;300000.00;1141348.66
39783;15;138;391;3000;2;2014;210000.00;0.00
37384;48;355;334;2358;2;2013;633000.00;70333.33
37383;48;398;334;2358;2;2013;633000.00;70333.33
39775;35;768;416;2579;2;2014;1500000.00;166672.73
39775;35;924;416;2579;2;2014;400000.00;45089.96
37287;34;982;107;3178;2;2008;2800000.00;1700000.00
37286;34;983;107;3178;2;2008;12000000.00;12000000.00
37266;23;649;112;3391;1;2008;185067956.00;63000000.00
37374;16;642;260;3264;2;2008;3766715.90;0.00
37329;4;1009;992;1939;2;2008;300000.00;75000.00
37808;19;1014;266;3170;2;2008;79262.78;78761.19
37776;19;1015;409;3170;2;2008;150000.00;150000.00
37346;19;980;603;3170;2;2008;40834.74;0.00
38214;19;1013;928;3170;2;2008;1250000.00;1200000.00
38261;10;1020;1121;2394;2;2008;8900.00;0.00
37786;10;972;1121;2394;2;2008;32285.36;0.00
36920;20;1062;270;2205;2;2008;1392462.63;278492.53
37265;40;1054;470;3037;2;2008;5374.09;54.28
37262;40;1064;470;3037;2;2008;38852.60;392.45
37791;40;1040;470;3037;2;2008;101162.16;1021.84
37791;40;1055;470;3037;2;2008;310374.31;3135.09
37791;40;1071;470;3037;2;2008;454848.77;4594.43
37791;40;1031;470;3037;2;2008;2020652.95;20206.53
37812;40;1043;1159;3037;2;2008;100008.00;10078.80
38250;40;1004;103;3037;2;2008;2300498.05;0.00
37353;40;1037;840;3037;2;2008;221544.00;24616.00
38698;7;190;689;2828;2;2009;300000.00;75000.00
37828;50;1056;108;1990;2;2008;66563816.48;7395979.61
37269;45;1047;689;2101;2;2008;700000.00;0.00
37772;57;1028;971;1993;2;2008;120000.00;0.00
38219;57;1000;385;1993;2;2008;800000.00;0.00
37332;57;976;819;1993;2;2008;30000.00;0.00
37840;57;1057;235;1993;2;2008;65000.00;0.00
38298;57;1033;381;1993;2;2008;51422.00;0.00
37727;57;992;1121;1993;2;2008;35000.00;0.00
37759;57;1007;663;1993;2;2008;11808348.29;0.00
37772;57;1012;1120;1993;2;2008;300000.00;0.00
37794;57;997;530;1993;2;2008;1920000.00;0.00
37787;57;1068;1089;1993;2;2008;55000.00;0.00
37288;57;1025;469;1993;2;2008;36000.00;0.00
37344;57;1003;859;1993;2;2008;422500.00;0.00
42863;23;466;858;3301;2;2011;4262971.38;0.00
36051;23;450;858;3301;2;2012;9442870.05;0.00
36051;23;147;858;3301;2;2012;5746739.22;0.00
36051;23;143;858;3301;2;2012;4165244.83;0.00
36099;23;1205;858;3301;2;2012;4789041.35;0.00
36967;23;1118;557;3301;2;2012;2043970.40;0.00
36926;23;1208;557;3301;2;2012;348641794.98;0.00
36965;23;1102;557;3301;2;2012;10293615.12;0.00
36972;23;1179;557;3301;2;2012;20000000.00;0.00
36965;23;1191;557;3301;2;2012;1578953.52;0.00
40964;23;1119;253;3301;2;2010;9434578.79;0.00
37378;23;1168;1061;3301;2;2013;8759808.00;973312.00
40069;23;625;177;3301;1;2010;11075400.00;6826330.17
37030;23;1159;685;3301;2;2013;13904828.79;1544980.97
36488;42;1197;557;2677;2;2012;50000000.00;0.00
36503;42;1128;557;2677;2;2012;3900000.00;0.00
42884;42;579;605;2677;2;2012;10000000.00;31000000.00
42869;25;455;1159;1832;2;2012;400000.00;100000.00
42866;25;1154;1159;1832;2;2012;194400.00;48600.00
42866;25;1162;1159;1832;2;2012;100000.00;90000.00
37034;25;125;858;1832;2;2013;1600120.00;179880.00
37034;25;1172;858;1832;2;2013;4645547.12;516171.90
42866;25;1084;858;1832;2;2012;226151.00;56537.75
42877;43;1095;1159;2054;2;2012;2360000.00;590000.00
36517;43;1185;1159;2054;2;2012;12000000.00;3000000.00
42868;13;478;985;1831;2;2012;960409.13;0.00
36049;13;530;985;1831;2;2012;3701236.91;0.00
36514;13;1127;985;1831;2;2012;10858503.04;0.00
42883;17;106;685;2896;2;2012;960000.00;240000.00
42860;16;529;1160;2717;2;2011;33000.00;0.00
36994;16;1135;1160;2717;2;2012;33000.00;0.00
36100;4;510;992;2110;2;2012;150000.00;16667.00
36101;4;550;606;2110;2;2012;630000.00;0.00
42862;59;549;177;3050;2;2011;112268.44;32594.06
37000;14;144;111;2517;2;2012;610789.33;152697.33
42867;14;117;111;2517;2;2012;89303.24;22325.82
37016;14;1187;111;2517;2;2012;489666.52;122416.63
42861;14;548;261;2517;2;2011;785539.27;16803.01
42861;14;590;261;2517;2;2011;3720161.86;75921.67
42863;14;112;261;2517;2;2011;360233.17;7351.72
37016;14;1204;261;2517;2;2012;478695.16;12668.54
37016;14;1086;261;2517;2;2012;7550000.00;166512.71
37016;14;1090;261;2517;2;2012;743629.80;15176.12
37382;14;1141;261;2517;2;2013;664819.06;235061.53
42854;14;496;391;2517;2;2011;80000.00;20000.00
42854;14;497;391;2517;2;2011;400000.00;100000.00
42883;55;531;858;2296;2;2012;480000.00;120000.00
42883;55;603;858;2296;2;2012;360000.00;90000.00
42883;55;604;858;2296;2;2012;1280000.00;320000.00
42883;55;577;858;2296;2;2012;600000.00;150000.00
42883;55;122;858;2296;2;2012;1040000.00;260000.00
42883;55;123;858;2296;2;2012;720000.00;180000.00
42883;55;124;858;2296;2;2012;360000.00;90000.00
42883;55;132;858;2296;2;2012;320000.00;80000.00
36051;55;136;858;2296;2;2012;1753283.39;0.00
42883;55;110;858;2296;2;2012;560000.00;140000.00
42883;55;111;858;2296;2;2012;360000.00;90000.00
42863;55;114;858;2296;2;2011;1836391.59;0.00
42863;55;1138;858;2296;2;2011;3116325.34;0.00
42883;55;1164;858;2296;2;2012;800000.00;200000.00
42883;55;1184;858;2296;2;2012;400000.00;100000.00
42883;55;1193;858;2296;2;2012;160000.00;40000.00
42883;55;1194;858;2296;2;2012;480000.00;120000.00
42883;55;1196;858;2296;2;2012;280000.00;70000.00
42883;55;1081;858;2296;2;2012;220000.00;55000.00
42883;55;1082;858;2296;2;2012;520000.00;130000.00
42883;55;1085;858;2296;2;2012;360000.00;90000.00
42883;55;1093;858;2296;2;2012;560000.00;140000.00
42883;55;1094;858;2296;2;2012;240000.00;60000.00
42883;55;1107;858;2296;2;2012;520000.00;130000.00
42883;55;1111;858;2296;2;2012;280000.00;70000.00
42883;55;1129;858;2296;2;2012;160000.00;40000.00
42883;55;1139;858;2296;2;2012;360000.00;90000.00
42883;55;1157;858;2296;2;2012;320000.00;80000.00
36099;55;1158;858;2296;2;2012;2233290.59;0.00
42883;55;1165;858;2296;2;2012;520000.00;130000.00
42883;55;1173;858;2296;2;2012;480000.00;120000.00
42883;55;1174;858;2296;2;2012;360000.00;90000.00
36959;55;1098;858;2296;2;2012;3140808.00;0.00
36511;46;1120;409;3299;2;2012;9342225.30;2500000.00
36496;15;1145;481;2951;2;2012;191.75;32774.55
37382;15;1097;678;2951;2;2013;17460000.00;1950000.00
37384;15;1100;678;2951;2;2013;600000.00;68000.00
37015;15;1101;678;2951;1;2012;4959641.67;495964.17
36993;15;1113;678;2951;2;2012;54852387.33;6094709.70
37382;15;1175;678;2951;2;2013;1000000.00;112000.00
36006;15;643;391;2951;2;2012;278787.25;12170.50
42862;15;468;825;2951;2;2011;0.00;0.00
42863;15;1080;825;2951;2;2011;1704051.07;75169.59
37015;15;1114;825;2951;2;2012;752830.02;0.00
36925;35;1123;1120;2718;2;2012;270000.00;0.00
36494;35;1188;859;2718;2;2012;211200.00;0.00
37016;35;419;261;2718;2;2012;553991.55;11305.95
42862;35;1199;677;2718;2;2011;1327705.45;27096.03
42051;59;30;258;3454;2;2016;2777871.62;1217271.00
45777;44;1407;108;3920;1;2019;500000.00;25000.00
37135;44;1328;108;3644;1;2018;885000.00;3000.00
42947;44;968;108;3644;2;2016;1000000.00;20516.00
37124;44;1317;689;3644;2;2018;438750.00;1250.00
41580;44;719;1143;3644;2;2016;488930.60;10000.00
42959;44;52;1143;3644;2;2016;536789.62;19360.38
42959;44;38;1143;3644;2;2016;3000000.00;71100.00
42966;22;21;261;3599;2;2017;200000.00;32189.33
45293;46;1308;339;3827;2;2018;3550237.00;1371160.00
45293;46;1311;1191;3827;2;2018;128546.25;0.00
45293;46;1312;1192;3827;2;2018;128546.25;0.00
45293;46;1309;1190;3827;2;2018;128546.25;0.00
48029;19;1550;109;3980;1;2020;2000000.00;0.00
42032;7;1480;259;4025;2;2016;30000000.00;676009.22
46122;7;1487;689;4025;1;2019;283757.34;3718.19
47076;7;1503;689;4025;1;2020;21200000.00;432654.00
46118;7;1524;689;4025;1;2019;136986.30;2795.64
48435;45;1531;689;4004;1;2020;2999286.48;158012.00
47055;31;1520;689;4047;2;2019;200000.00;4100.00
47076;31;1519;689;4047;1;2020;2286270.00;46660.00
47077;31;1521;689;4047;1;2020;593830.00;12850.00
47076;31;1516;689;4047;1;2020;744000.00;15184.00
47076;31;1515;689;4047;1;2020;1000000.00;20450.00
47076;31;1517;689;4047;1;2020;2849720.00;60898.00
37106;31;1522;689;4047;2;2017;975000.00;19898.00
47076;31;1518;689;4047;1;2020;477500.00;10800.00
47048;58;1491;648;4048;1;2019;3120274.85;63679.08
37580;58;1559;671;4048;2;2018;46500.00;0.00
48513;57;1555;385;4026;1;2020;1300000.00;145157.00
47149;57;1489;534;4026;1;2020;2086312.84;0.00
47994;57;1504;1121;4026;2;2020;125000.00;12500.00
48031;57;1508;234;4026;1;2020;36000.00;7200.00
47087;57;1463;813;4026;1;2020;18000.00;3600.00
47982;57;1485;811;4026;2;2020;100000.00;20000.00
47982;57;1484;364;4026;1;2020;66700.00;0.00
47994;57;1492;191;4026;1;2020;272000.00;54400.00
48438;57;1529;747;4026;1;2020;348000.00;69600.00
49358;57;1574;747;4026;1;2020;400000.00;0.00
49358;57;1572;15;4026;1;2020;587135.50;11742.71
48452;57;1535;732;4026;1;2020;234000.00;46800.00
48008;57;1502;125;4026;1;2020;15673.18;3134.64
47611;57;1440;1165;4026;2;2019;126500.00;0.00
49356;57;1569;863;4026;1;2020;360000.00;72000.00
47128;57;1476;699;4026;2;2020;175000.00;0.00
49343;57;1567;859;4026;1;2020;300000.00;60000.00
47056;57;1444;416;4026;2;2019;1147923.80;23645.52
47056;57;1445;416;4026;1;2019;35000025.95;734636.86
47080;57;1447;553;4026;1;2020;60000.00;12000.00
47080;57;1450;553;4026;1;2020;30000.00;6000.00
47058;57;1460;261;4026;1;2020;100000.00;2058.52
48442;57;1532;845;4026;1;2020;3843080.00;79011.60
48447;57;1533;1218;4026;1;2020;9280.00;1856.00
47144;57;1477;1213;4026;1;2020;161000.00;32200.00
47128;57;1475;1212;4026;1;2020;17355.00;0.00
47052;57;1456;1209;4026;1;2019;660230.91;68502.65
47056;57;1462;1209;4026;1;2019;4811140.10;167743.29
48460;57;1544;1183;4026;1;2020;350000.00;0.00
47974;57;1483;1216;4026;1;2020;12560.85;0.00
49352;57;1573;1219;4026;1;2020;11000.00;2200.00
47052;57;1443;478;4026;2;2019;141800.00;28360.00
48517;57;1556;543;4026;1;2020;93371.61;0.00
48508;57;1554;390;4026;1;2020;15673.18;3134.64
47987;57;1488;244;4026;1;2020;220000.00;44000.00
48520;57;1558;537;4026;1;2020;15673.18;3134.64
47982;40;1498;103;3999;1;2020;1253853.84;0.00
47982;40;1496;103;3999;1;2020;915130.28;0.00
47982;40;1497;103;3999;1;2020;748980.00;0.00
47983;40;1507;103;3999;1;2020;60000.00;0.00
47983;40;1495;103;3999;1;2020;2400000.00;0.00
47970;40;1493;103;3999;1;2020;500000.00;0.00
47983;40;1506;103;3999;1;2020;199895.00;0.00
47983;40;1494;103;3999;1;2020;633242.88;0.00
48471;40;1549;103;3999;1;2020;65000.00;0.00
49350;40;1571;103;3999;1;2020;150000.00;0.00
49350;40;1568;103;3999;1;2020;50000.00;0.00
48501;40;1553;103;3999;1;2020;4128000.00;0.00
48464;40;1552;103;3999;1;2020;200000.00;0.00
48471;40;1551;103;3999;1;2020;250000.00;0.00
49350;40;1570;103;3999;1;2020;100000.00;0.00
47610;40;1481;1215;3999;2;2019;36420.76;0.00
37135;34;1327;108;3800;2;2018;500000.00;15000.00
45311;34;1305;555;3800;2;2018;199501.00;20202.00
45236;19;1299;1177;3806;1;2018;200713.32;0.00
38376;19;1342;679;3806;1;2013;842751.52;0.00
37136;20;1254;470;3734;1;2018;200000.00;4400.00
39767;20;1320;845;3734;2;2014;750000.00;83500.00
37534;40;1279;855;3807;2;2018;396000.00;4000.00
45271;40;1314;103;3807;2;2018;1253853.84;0.00
45271;40;1295;103;3807;1;2018;1526026.25;0.00
37121;7;1229;340;3754;2;2018;349975.00;8163.27
37086;58;1252;707;3809;2;2017;64800.00;0.00
37521;58;1257;557;3809;2;2018;149578.00;35024.00
45314;57;1306;385;3787;2;2018;900000.00;100454.00
45265;57;1290;382;3787;1;2018;3548463.25;0.00
45700;57;1340;817;3787;2;2018;130980.00;26196.00
45714;57;1337;530;3787;1;2018;3336674.28;300000.00
37495;57;1242;525;3787;2;2018;4850.90;0.00
45239;57;1289;943;3787;2;2018;9765.90;0.00
37572;57;1267;753;3787;2;2018;4850.90;0.00
45285;57;1301;433;3787;2;2018;80000.00;16000.00
45749;57;1344;699;3787;2;2018;140000.00;0.00
37537;57;1258;999;3787;2;2018;24000.00;1200.00
45239;57;1278;1160;3787;2;2018;55000.00;11000.00
45235;57;1292;998;3787;2;2018;240000.00;48000.00
37495;57;1243;998;3787;1;2018;192000.00;96000.00
37117;57;1247;416;3787;2;2017;40101869.00;845534.00
37124;57;1250;416;3787;2;2018;100000.00;3232.00
37586;57;1268;553;3787;1;2018;79353.36;15420.00
42974;57;1263;261;3787;2;2017;294000.00;6000.00
45314;57;1307;1193;3787;2;2018;29569.60;0.00
45300;57;1300;1189;3787;2;2018;65606.00;0.00
45270;57;1296;1182;3787;1;2018;2053333.20;0.00
45709;57;1336;1197;3787;2;2018;65490.00;0.00
45314;57;1345;1183;3787;2;2018;172000.00;0.00
37557;57;1265;1180;3787;2;2018;15000.00;3000.00
45681;57;1313;1194;3787;2;2018;3155.50;0.00
45267;57;1291;1186;3787;1;2018;560000.00;0.00
37495;57;1244;1178;3787;2;2018;29920.00;5984.00
45245;57;1293;1184;3787;2;2018;11850.00;0.00
37599;57;1270;1181;3787;2;2018;17488.53;0.00
45306;57;1304;1174;3787;2;2018;15353.91;1535.91
37135;57;1251;1179;3787;2;2018;499926.00;10203.00
45245;57;1288;394;3787;1;2018;370000.00;37000.00
45245;57;1287;543;3787;2;2018;240000.00;0.00
45293;57;1303;1134;3787;1;2018;52800.00;0.00
37117;2;1237;403;3768;2;2017;529497.00;10807.00
37542;60;1269;557;3758;1;2018;600000.00;150000.00
40169;23;1273;391;3817;1;2015;15773041.86;774907.12
45223;42;1286;1182;3732;2;2018;200000.00;0.00
45224;42;1335;1182;3732;2;2018;3193000.00;0.00
45223;42;1285;1182;3732;2;2018;600000.00;0.00
45223;42;1284;1182;3732;2;2018;25000000.00;0.00
45223;42;1282;1182;3732;1;2018;10000000.00;0.00
45674;25;1323;332;3792;1;2018;550000.00;0.00
45674;25;1318;332;3792;1;2018;105000.00;0.00
42975;25;1271;332;3792;1;2017;400000.00;0.00
37134;43;1228;332;3731;1;2018;1400000.00;0.00
45216;13;1283;747;3776;2;2018;238225.00;0.00
37573;13;1264;747;3776;2;2018;2500000.00;0.00
45703;13;1341;332;3776;1;2018;499922.00;0.00
45293;13;1324;985;3776;1;2018;6373037.39;0.00
42912;51;1275;1159;3801;2;2016;500000.00;0.00
45217;16;1280;236;3769;1;2018;82000.00;0.00
37607;16;1281;530;3769;2;2018;720000.00;0.00
45231;16;1277;1160;3769;2;2018;55000.00;0.00
45771;16;1353;416;3769;1;2019;250000.00;36860.00
45771;16;1350;416;3769;1;2019;1984000.00;153219.00
45771;16;1349;416;3769;1;2019;950000.00;185497.00
46122;19;1374;109;3869;1;2019;600000.00;400000.00
45236;19;1354;1177;3869;1;2018;750000.00;0.00
45272;40;1373;103;3913;2;2018;2400000.00;0.00
45739;40;1371;103;3913;1;2018;1906842.88;0.00
45271;40;1376;103;3913;2;2018;633242.88;0.00
45271;40;1386;103;3913;1;2018;748980.00;0.00
47534;40;1424;103;3913;2;2019;1526026.25;0.00
46646;40;1412;103;3913;2;2019;748980.00;0.00
47581;40;1435;103;3913;1;2019;1526026.25;0.00
46649;40;1413;103;3913;2;2019;633242.88;0.00
46647;40;1411;103;3913;2;2019;2400000.00;0.00
47534;40;1423;103;3913;1;2019;2860264.32;0.00
46636;40;1414;103;3913;1;2019;1253853.84;0.00
45769;7;1434;1139;3897;1;2018;3496500.00;3500.00
45772;31;1396;689;3926;2;2019;462818.00;9500.00
37130;31;1378;689;3926;2;2018;877500.00;17908.80
37130;31;1384;689;3926;2;2018;1230287.00;40816.60
37043;31;1401;689;3926;2;2017;400000.00;8164.00
37137;31;1377;689;3926;2;2018;399974.00;8250.00
37130;31;1383;689;3926;2;2018;339256.13;9950.00
45713;31;1402;689;3926;1;2018;1064341.85;21721.26
37130;31;1379;689;3926;2;2018;475983.30;19898.00
45772;31;1408;689;3926;1;2019;818762.00;16710.00
45713;31;1399;689;3926;2;2018;136986.30;2795.64
46117;31;1397;689;3926;2;2019;350000.00;7145.00
37130;31;1385;689;3926;2;2018;200000.00;4091.80
37114;31;1403;1139;3926;2;2017;200000.00;4084.00
37116;31;1404;1139;3926;2;2017;250000.00;5103.00
45295;58;1394;493;3927;2;2018;37800.00;0.00
45769;58;1389;689;3927;1;2018;185909.98;3795.02
46118;58;1375;335;3927;1;2019;255000.00;1000.00
47525;57;1422;236;3898;1;2019;420000.00;84000.00
47525;57;1419;236;3898;1;2019;400000.00;80000.00
46604;57;1390;1121;3898;2;2019;125000.00;25000.00
47547;57;1426;1120;3898;1;2019;317642.00;50000.00
47556;57;1431;1120;3898;1;2019;120000.00;24000.00
47605;57;1436;377;3898;2;2019;160000.00;32000.00
46604;57;1398;945;3898;2;2019;130000.00;26000.00
46206;57;1382;502;3898;1;2019;240000.00;48000.00
46206;57;1380;775;3898;2;2019;5496.11;0.00
46206;57;1388;615;3898;1;2019;330000.00;66000.00
47513;57;1418;722;3898;1;2019;32992.00;6598.40
46670;57;1410;894;3898;1;2019;210000.00;42000.00
47548;57;1428;577;3898;1;2019;127500.00;25500.00
46166;57;1405;1019;3898;1;2019;94000.00;14000.00
47548;57;1432;567;3898;2;2019;72881.60;14576.32
47513;57;1417;870;3898;2;2019;160500.00;32100.00
47521;57;1421;1166;3898;1;2019;260000.00;52000.00
47539;57;1429;113;3898;1;2019;108000.00;21600.00
45771;57;1352;416;3898;1;2019;1085061.00;25180.00
45771;57;1355;416;3898;1;2019;5842500.00;158958.00
45771;57;1366;416;3898;1;2019;0.00;326810.73
45771;57;1348;416;3898;1;2019;817083.00;16676.00
45771;57;1347;416;3898;1;2019;195349.00;3994.00
47597;57;1439;262;3898;2;2019;60000.00;12000.00
46611;57;1393;988;3898;2;2019;2400000.00;480000.00
47052;57;1438;1207;3898;1;2019;141800.00;28360.00
46159;57;1387;1200;3898;2;2019;300000.00;0.00
47548;57;1425;1205;3898;2;2019;13559.92;2711.98
47525;57;1420;1203;3898;2;2019;5353.46;1070.69
46116;57;1357;1199;3898;2;2019;15000.00;3000.00
47052;57;1441;1208;3898;1;2019;42252.79;8450.56
45776;57;1356;1198;3898;1;2019;603809.52;55392.14
46691;57;1415;1202;3898;2;2019;70385.00;14077.00
47548;57;1427;1204;3898;2;2019;20000.00;4000.00
47597;57;1442;394;3898;1;2019;288000.00;28800.00
46207;57;1391;542;3898;1;2019;140000.00;28000.00
46642;33;1400;1151;3899;2;2019;514153.95;64269.24
45764;2;1381;403;3900;1;2018;100000.00;25000.00
39269;42;1433;486;3911;1;2014;30000000.00;0.00
46116;13;1358;332;3909;1;2019;380000.00;0.00
45764;14;1372;111;3743;1;2018;719669.05;232879.76
37117;14;1225;261;3743;2;2017;293319.34;6069.66
45696;15;1338;418;3744;2;2018;185909.98;4081.63
45696;15;1339;418;3744;2;2018;234833.66;5102.04
37116;15;1322;1196;3744;2;2017;150000.00;16000.00
37127;15;1276;825;3744;2;2018;200000.00;4082.00
45771;35;1361;416;3820;2;2019;330382.50;6998.54
45771;35;1359;416;3820;2;2019;219759.73;4948.13
45771;35;1362;416;3820;2;2019;392456.68;10793.33
45771;35;1365;416;3820;2;2019;1205079.84;27126.74
45771;35;1360;416;3820;2;2019;100000.00;2868.01
45771;35;1364;416;3820;1;2019;211966.92;4368.02
45771;35;1363;416;3820;1;2019;148186.22;3043.78
37124;35;1232;261;3820;2;2018;1591615.73;32653.47
37117;35;1235;261;3820;2;2017;394337.68;10266.00
37117;35;1234;261;3820;2;2017;199727.20;5473.20
37117;35;1233;261;3820;2;2017;17182509.51;351274.79
37135;44;1326;108;3750;2;2018;515000.00;4428.90
45313;44;1321;689;3750;1;2018;479452.05;20547.95
45746;16;1351;818;3835;1;2018;31500.00;0.00
46607;16;1395;1165;3835;1;2019;311000.00;0.00
45771;14;1367;416;3838;1;2019;500000.00;13974.00
41569;15;1416;1058;3845;1;2016;1000000.00;20500.00
49361;19;1603;109;4196;1;2020;50030.00;33359.00
49358;19;1605;109;4196;1;2020;1000000.00;666667.00
49378;44;1615;108;4096;1;2021;500000.00;500.50
49379;44;1614;108;4096;1;2021;500000.00;9701.66
49390;44;1647;108;4096;1;2021;1037986.74;1040.00
49355;44;1616;108;4096;1;2020;287306.00;290.00
49391;44;1649;689;4096;1;2021;248300.00;2414.17
49391;44;1645;689;4096;1;2021;888150.00;1063.34
49383;7;1640;108;4158;1;2021;1500000.00;31376.63
49390;7;1612;689;4158;1;2021;477500.00;13000.00
49390;7;1662;689;4158;1;2021;1901000.00;40816.40
49389;58;1602;689;4102;1;2021;100000.00;2000.00
49389;58;1604;689;4102;1;2021;500000.00;11000.00
49432;57;1617;732;4159;1;2021;4000000.00;40000.00
48921;57;1646;699;4159;1;2021;136000.00;0.00
48949;57;1651;859;4159;1;2021;960000.00;19200.00
48880;57;1633;999;4159;1;2021;144000.00;28800.00
48964;57;1663;1160;4159;1;2021;55000.00;11000.00
48959;57;1659;692;4159;1;2021;68000.00;13600.00
49361;57;1596;1209;4159;1;2020;990876.81;35678.14
48529;57;1595;1209;4159;1;2020;759762.69;52409.84
49375;57;1588;1209;4159;1;2021;4603110.00;94490.50
49361;57;1589;1209;4159;1;2020;12433477.87;359098.83
49386;57;1600;1209;4159;1;2021;1194526.22;25010.00
48529;57;1598;1209;4159;1;2020;238750.00;16378.07
49344;57;1590;1209;4159;1;2020;4099517.54;85265.60
48529;57;1597;1209;4159;1;2020;238750.00;16378.07
48529;57;1601;1209;4159;1;2020;735350.00;50444.47
49344;57;1591;1209;4159;1;2020;29252168.46;600325.04
48529;57;1599;1209;4159;1;2020;1728550.00;37127.26
48880;57;1632;1227;4159;1;2021;245800.00;0.00
48897;57;1635;1228;4159;1;2021;160978.00;0.00
48959;57;1660;392;4159;1;2021;100000.00;20000.00
49391;68;1608;689;4201;1;2021;200000.00;19850.00
47064;20;1619;470;4092;2;2020;150000.00;8795.64
48528;20;1620;855;4092;1;2020;1877609.25;18965.75
49386;20;1630;845;4092;1;2021;100000.00;1752.82
49386;20;1629;845;4092;1;2021;250000.00;20112.09
49386;20;1631;845;4092;1;2021;370000.00;10217.33
49385;40;1609;470;4089;1;2021;100000.00;1100.00
49386;40;1610;1159;4089;1;2021;199299.00;25.00
48880;40;1643;103;4089;1;2021;960000.00;0.00
48942;40;1656;103;4089;1;2021;2860264.32;0.00
48942;40;1653;103;4089;1;2021;2400000.00;0.00
48942;40;1658;103;4089;1;2021;748980.00;0.00
48880;40;1644;103;4089;1;2021;1867890.36;0.00
48936;40;1654;103;4089;1;2021;60000.00;0.00
48943;40;1655;103;4089;1;2021;633242.88;0.00
49362;40;1606;103;4089;1;2020;2860264.32;0.00
48888;40;1642;103;4089;1;2021;576000.00;0.00
49391;40;1607;103;4089;1;2021;3052052.51;0.00
48965;40;1664;103;4089;1;2021;1248000.00;0.00
48936;40;1657;103;4089;1;2021;1253853.84;0.00
49358;2;1579;992;4161;1;2020;3000000.00;300000.00
49384;2;1587;992;4161;1;2021;500000.00;10300.00
49377;2;1594;992;4161;1;2021;960019.00;19597.00
49450;42;1637;744;4088;1;2021;500000.00;0.00
49450;42;1636;495;4088;1;2021;500000.00;0.00
49368;25;1582;332;4090;1;2020;1083214.00;0.00
49362;25;1586;332;4090;1;2020;530000.00;0.00
49368;25;1584;332;4090;1;2020;550474.00;0.00
47119;13;1634;747;4086;1;2020;7339247.08;0.00
47119;13;1652;747;4086;1;2020;7466713.52;0.00
49426;13;1624;932;4086;1;2021;915534.62;0.00
49399;13;1626;1223;4086;1;2021;158653.30;0.00
49401;13;1622;1224;4086;1;2021;10995.27;0.00
49400;13;1627;1224;4086;1;2021;14708.10;0.00
49369;13;1618;1220;4086;1;2020;420580.44;0.00
49405;13;1623;1222;4086;1;2021;1524132.42;0.00
49387;13;1625;1225;4086;1;2021;112585.82;0.00
49407;13;1621;1226;4086;1;2021;1316389.20;0.00
49397;13;1628;833;4086;1;2021;1131115.44;0.00
49378;26;1641;108;4083;1;2021;6000000.00;640000.00
48930;16;1650;968;4165;1;2021;180000.00;0.00
49442;16;1638;234;4165;1;2021;353497.28;0.00
49370;16;1583;416;4165;1;2020;309532.00;21568.00
49357;16;1593;1209;4165;1;2020;15069298.90;324442.24
49361;16;1592;1209;4165;1;2020;3745000.00;79537.29
47108;14;1639;1214;4168;1;2020;33696690.07;687687.56
49379;15;1648;1139;4170;1;2021;100000.00;2200.00
49376;15;1661;1139;4170;1;2021;150000.00;4000.00
49370;35;1580;416;4174;1;2020;19498079.64;403030.00
49349;35;1581;1209;4174;1;2020;2429760.45;57000.00
49375;35;1578;1209;4174;1;2021;998456.62;22189.32
49375;35;1585;1209;4174;1;2021;499639.99;11094.66
47064;15;1479;1214;3956;1;2020;2200000.00;8411160.26
49341;15;1564;1214;3956;1;2020;3500000.00;2470499.00
47611;15;1461;1139;3956;1;2019;2336233.31;48000.00
47076;15;1527;1139;3956;2;2020;100000.00;2525.00
46138;15;1514;1139;3956;1;2019;150000.00;4000.00
47076;15;1528;1139;3956;2;2020;100000.00;3530.76
48014;15;1575;1139;3956;2;2020;441454.88;9009.28
49349;35;1576;416;3962;1;2020;749311.49;17656.09
49349;35;1577;416;3962;1;2020;366722.41;7600.00
47058;35;1471;1209;3962;2;2020;209826.13;7254.04
47056;35;1473;1209;3962;1;2019;2999730.85;61853.46
47108;2;1499;992;4028;1;2020;911877.39;18609.74
47048;5;1465;601;3990;1;2019;3626000.00;74000.00
36683;23;1457;108;4030;2;2017;1791882.94;36942.27
41565;23;1459;108;4030;2;2016;1820641.17;37390.15
41565;23;1458;108;4030;2;2016;999319.24;20394.28
41565;23;1455;108;4030;2;2016;569414.91;12460.75
41565;23;1453;108;4030;2;2016;464089.51;9907.27
41565;23;1467;108;4030;2;2016;690900.00;14100.00
47121;23;1490;988;4030;1;2020;27877369.08;0.00
47108;23;1526;689;4030;1;2020;17190000.00;351000.00
48466;23;1547;1182;4030;1;2020;2316892.01;0.00
47056;23;1464;1210;4030;1;2019;12000000.00;1239483.15
47976;42;1501;1182;3997;1;2020;10000000.00;1000000.00
48025;42;1509;1182;3997;1;2020;1830199.50;0.00
48451;42;1545;1182;3997;1;2020;12060000.00;1340000.00
47976;42;1500;1182;3997;1;2020;2272727.00;227273.00
48025;42;1505;1182;3997;2;2020;2479215.00;247922.00
48074;42;1530;1182;3997;2;2020;4000000.00;400000.00
47070;42;1446;486;3997;2;2020;929630.44;0.00
48051;42;1523;486;3997;1;2020;579656.00;0.00
47611;25;1451;1159;4000;1;2019;250000.00;0.00
47048;25;1449;1159;4000;1;2019;300000.00;0.00
47049;25;1448;332;4000;1;2019;700000.00;0.00
48461;43;1546;99;3994;1;2020;304630.68;0.00
48012;13;1511;747;3995;1;2020;120000.00;0.00
48073;13;1540;747;3995;1;2020;246667.00;0.00
48073;13;1538;747;3995;1;2020;848641.00;0.00
48073;13;1542;747;3995;1;2020;100000.00;0.00
48073;13;1537;747;3995;1;2020;200000.00;0.00
48073;13;1539;747;3995;1;2020;100000.00;0.00
48073;13;1543;747;3995;1;2020;1277549.00;0.00
48073;13;1534;747;3995;1;2020;100000.00;0.00
48073;13;1536;747;3995;1;2020;535290.00;0.00
48073;13;1541;747;3995;1;2020;248161.00;0.00
48012;13;1513;747;3995;1;2020;70000.00;0.00
48012;13;1512;747;3995;1;2020;150000.00;0.00
47071;13;1470;747;3995;2;2020;200000.00;0.00
48464;13;1548;747;3995;1;2020;86441.00;0.00
47610;13;1474;332;3995;1;2019;449980.00;0.00
48005;13;1510;985;3995;1;2020;10354202.71;0.00
42863;17;1565;1159;4033;2;2011;4262971.38;0.00
36099;17;1566;1159;4033;2;2012;4789041.35;0.00
36051;17;1560;858;4033;1;2012;9442870.05;0.00
36051;17;1562;858;4033;2;2012;5746739.22;0.00
36051;17;1561;858;4033;2;2012;4165244.83;0.00
37030;17;1472;108;4033;1;2013;13904828.79;1544980.97
40178;65;1486;685;3982;2;2015;2284000.00;571000.00
47133;16;1478;234;4035;2;2020;400314.46;0.00
48486;16;1557;577;4035;1;2020;312500.00;0.00
47056;16;1452;416;4035;2;2019;250000.00;9384.96
47058;16;1466;1209;4035;2;2020;6460387.00;133923.28
47056;16;1454;1209;4035;2;2019;1799775.05;49561.45
47056;14;1468;1209;4038;1;2019;2306376.48;47068.91
47056;14;1469;1209;4038;1;2019;2237415.32;45661.54
48063;14;1525;1209;4038;1;2020;1959898.08;39997.92
48536;14;1563;1209;4038;1;2020;120000.00;2399.80
40608;16;319;234;2179;2;2015;441884.27;0.00
41531;16;722;1160;2179;2;2015;30000.00;0.00
39775;16;345;261;2179;2;2014;200000.00;23000.00
40178;59;312;261;3018;2;2015;224105.00;11795.00
41566;14;709;111;2804;1;2016;947338.03;50670.60
40190;14;322;261;2804;2;2015;0.00;0.00
41569;14;376;261;2804;2;2016;0.00;0.00
41576;14;668;261;2804;2;2016;100000.00;11262.76
41566;14;402;1065;2804;2;2016;499768.82;10204.08
38777;14;407;1058;2804;2;2014;0.00;0.00
41083;46;752;1068;3433;2;2015;556610.00;556610.00
40221;46;385;337;3433;2;2015;397770.00;397770.00
41554;15;692;1139;1970;1;2015;299775.00;6200.00
41531;15;396;827;1970;2;2015;250000.00;62500.00
39783;15;393;391;1970;2;2014;4644431.91;1539834.98
41534;15;691;391;1970;2;2015;350000.00;70000.00
40182;15;665;391;1970;2;2015;2800000.00;3692163.46
40162;35;346;416;3214;1;2014;1054216.80;140686.20
40162;35;386;416;3214;2;2014;0.00;23110.69
38770;35;412;261;3214;2;2014;0.00;239345.84
40164;35;342;261;3214;2;2015;0.00;83737.00
38770;35;325;261;3214;2;2014;0.00;44993.26
40174;9;420;111;1965;2;2015;162000.00;17243.00
41574;44;750;1143;3218;2;2016;300000.00;23000.00
37379;54;360;1143;3210;2;2013;225000.00;25000.00
38780;54;388;1143;3210;2;2014;1727934.12;190072.53
41080;52;377;747;3212;2;2015;934000.00;934000.00
41566;14;302;111;3564;1;2016;5826874.77;121360.38
41988;46;316;339;3465;2;2016;6894850.00;3000000.00
42975;15;35;418;3488;2;2017;575250.00;11739.80
38191;15;523;418;3488;2;2008;3900000.00;2000000.00
42975;15;659;418;3488;2;2017;754765.05;15403.37
42975;15;687;418;3488;2;2017;423786.68;8648.71
42948;15;295;416;3488;2;2016;250000.00;5102.41
41561;15;326;481;3488;2;2015;384240.00;3156.00
36496;15;708;481;3488;2;2012;327677.75;41145.45
42963;15;44;391;3488;2;2016;1500000.00;771909.24
36006;15;327;391;3488;2;2012;312537.75;135660.75
38791;15;411;391;3488;2;2014;180000.00;20000.00
40171;15;734;391;3488;2;2015;0.00;0.00
37015;15;26;825;3488;2;2012;1210992.56;490955.65
42863;15;363;825;3488;2;2011;348864.45;438059.29
42862;15;426;825;3488;2;2011;354666.24;88666.56
38763;15;703;825;3488;2;2014;623104.00;76896.00
42955;15;714;825;3488;2;2016;200000.00;20000.00
37015;15;705;825;3488;2;2012;1390111.06;347527.76
42967;35;395;416;3545;2;2017;300000.00;6123.15
41624;35;716;261;3545;2;2016;600000.00;39339.36
42959;44;710;1143;3466;2;2016;442851.44;2068.56
42045;54;740;259;3491;2;2016;12000000.00;250000.00
42963;54;685;1143;3491;2;2016;100000.00;2000.00
42967;54;674;1143;3491;2;2017;112036.32;1131.68
36204;20;37;855;3643;2;2017;292030.20;2949.80
42924;40;736;1159;3592;2;2016;130000.00;0.00
42960;7;9;689;3645;2;2016;3000000.00;61224.50
42505;7;1215;689;3645;2;2016;341250.00;6964.30
42945;7;392;689;3645;2;2016;943456.80;19897.96
42969;7;7;340;3645;2;2017;306642.00;6258.00
42980;7;3;1143;3645;2;2017;1267149.00;25860.19
42973;7;730;1143;3645;2;2017;852124.70;17390.30
42976;7;681;1143;3645;2;2017;193564.00;3950.29
42973;45;660;1143;3673;2;2017;558721.95;11402.49
42962;31;55;689;3593;2;2016;811636.00;16575.00
37137;58;1256;689;3580;1;2018;700000.00;7100.00
37137;58;1255;689;3580;1;2018;400000.00;4050.00
36614;57;928;1120;3635;2;2017;400000.00;80000.00
36626;57;940;1120;3635;2;2017;240000.00;48000.00
36626;57;955;813;3635;2;2017;127000.00;25400.00
36620;57;954;215;3635;2;2017;73039.00;14607.80
42989;57;337;739;3635;2;2017;40000.00;2000.00
37048;57;1212;1172;3635;2;2017;79023.00;0.00
37081;57;1218;16;3635;2;2017;0.00;0.00
37059;57;1210;1165;3635;1;2017;200000.00;40000.00
36159;57;17;859;3635;1;2017;600000.00;105600.00
37054;57;1214;859;3635;2;2017;245000.00;49000.00
36620;57;965;859;3635;1;2017;544000.00;108800.00
36682;57;961;1160;3635;1;2017;5680000.00;1136000.00
37117;57;1248;261;3635;2;2017;1000000.00;21000.00
42967;57;41;261;3635;2;2017;237630.50;9588.50
42967;57;5;261;3635;2;2017;5769828.04;132855.96
37124;57;1253;261;3635;1;2018;2578102.00;112707.00
37129;57;1274;261;3635;1;2018;400000.00;99892.42
37124;57;1249;261;3635;1;2018;988344.50;107823.50
37557;57;650;103;3635;1;2018;1971000.00;0.00
36645;57;672;1151;3635;2;2017;3766211.00;76869.00
36209;57;942;1146;3635;1;2017;126000.00;0.00
36184;57;690;839;3635;1;2017;290000.00;58000.00
36659;57;962;341;3635;2;2017;86700.00;0.00
36591;57;929;1069;3635;2;2017;250000.00;0.00
36668;57;956;490;3635;2;2017;67339.00;0.00
42978;57;944;40;3635;2;2017;300000.00;0.00
37081;57;1221;1175;3635;2;2017;22000.00;4400.00
36675;57;932;611;3635;1;2017;197400.00;0.00
37102;57;1223;1176;3635;2;2017;80000.00;0.00
37081;57;1222;1174;3635;2;2017;12000.00;2400.00
37081;57;1220;1173;3635;2;2017;7300.00;1460.00
37038;57;963;594;3635;2;2017;30000.00;6000.00
36614;57;930;542;3635;1;2017;160000.00;32000.00
36605;57;960;1134;3635;1;2017;576000.00;136400.00
36626;33;49;1151;3611;2;2017;703409.64;78234.00
36676;2;951;557;3677;2;2017;1500000.00;0.00
42991;2;689;403;3677;2;2017;241912.00;0.00
42961;2;56;403;3677;2;2016;134993.00;0.00
42967;2;725;403;3677;1;2017;120141.60;0.00
37106;2;1219;403;3677;2;2017;350000.00;30000.00
37046;18;1213;557;3640;2;2017;600000.00;120332.96
38770;23;688;416;3657;1;2014;10845812.92;3306751.15
38770;23;693;416;3657;2;2014;10759461.31;3932373.17
38770;23;713;416;3657;1;2014;11640000.01;4519765.11
38770;23;28;416;3657;1;2014;10360335.50;4253766.10
38770;23;33;416;3657;1;2014;10427946.35;5168651.32
37023;23;748;111;3657;1;2013;1487647.06;2719149.40
37023;23;34;111;3657;1;2013;1652808.70;2981550.76
37023;23;677;111;3657;1;2013;1361383.33;934571.23
37023;23;654;111;3657;2;2013;708750.38;1109943.91
36676;23;952;557;3657;2;2017;10000000.00;0.00
36676;23;953;557;3657;1;2017;2500000.00;0.00
42866;23;694;332;3657;2;2012;500000.00;125000.00
38663;23;732;332;3657;2;2009;112675.58;28168.15
42873;23;48;332;3657;2;2012;6400000.00;1600000.00
41454;23;27;332;3657;2;2010;150000.00;50000.00
42873;23;949;332;3657;2;2012;350000.01;204413.75
42873;23;702;332;3657;2;2012;250000.00;62500.00
42974;23;669;332;3657;2;2017;93730.13;23432.53
42968;23;36;177;3657;2;2017;9122125.00;187875.00
36669;42;964;557;3697;2;2017;3950000.00;0.00
37109;25;1227;332;3628;1;2017;300000.00;0.00
37110;25;1226;332;3628;1;2017;250000.00;0.00
42976;43;58;1159;3626;2;2017;2300000.00;0.00
36125;13;45;1159;3605;2;2017;250000.00;0.00
36181;13;670;985;3605;2;2017;1723037.39;0.00
36162;13;651;985;3605;1;2017;14717842.25;0.00
36613;16;957;1160;3613;2;2017;30000.00;0.00
42966;16;738;416;3613;2;2017;500000.00;10354.00
37116;16;1239;416;3613;2;2017;550000.00;44267.00
37129;16;1259;416;3613;2;2018;350000.00;36119.31
37117;16;1240;416;3613;2;2017;500000.00;14142.00
37117;16;1238;416;3613;2;2017;300000.00;6321.00
37117;16;1241;416;3613;2;2017;150000.00;3750.00
42984;16;653;260;3613;1;2017;15829650.00;0.00
36660;47;931;557;3618;2;2017;1000042.05;200035.70
36660;47;934;993;3618;2;2017;500089.25;0.00
36660;47;966;253;3618;2;2017;200581.50;0.00
36660;47;959;39;3618;2;2017;500225.70;0.00
40175;47;40;1139;3618;2;2015;391485.50;7989.50
36660;47;967;91;3618;2;2017;200581.50;0.00
37079;59;1216;993;3602;2;2017;66650.00;138310.36
41566;14;936;111;3584;1;2016;7405822.63;389780.10
37016;14;747;261;3584;2;2012;215978.00;1508.46
40190;14;47;261;3584;1;2015;3701518.00;247401.00
42966;14;54;261;3584;2;2017;350000.00;8154.00
41569;14;43;261;3584;1;2016;1000000.00;177750.00
42966;14;2;261;3584;2;2017;211263.34;4463.00
42966;14;679;261;3584;2;2017;250000.00;5576.41
42966;14;712;261;3584;2;2017;300000.00;8304.79
42991;14;59;1058;3584;1;2017;1000000.00;27870.00
38777;14;23;1058;3584;2;2014;2000000.00;220000.00
41569;14;958;1058;3584;2;2016;1000000.00;20500.00
36682;15;1333;418;3659;1;2017;146250.00;2984.69
36682;15;1331;418;3659;1;2017;487500.00;10943.88
37124;15;1332;418;3659;2;2018;121875.00;9352.04
37124;15;1334;418;3659;2;2018;520650.00;10625.51
37124;15;1330;418;3659;2;2018;97500.00;2500.00
36682;15;1325;418;3659;1;2017;97500.00;2500.00
37124;15;1329;418;3659;2;2018;214500.00;4377.55
37127;15;1231;416;3659;2;2018;3000000.00;5941498.23
37039;15;1217;407;3659;2;2017;85882.50;79814.80
37134;15;1245;489;3659;1;2018;300000.00;6122.45
42962;15;1224;1139;3659;2;2016;750000.00;15307.00
42973;35;661;261;3661;2;2017;249829.87;21575.00
42973;35;662;261;3661;2;2017;449796.80;15890.00
37117;35;1230;261;3661;2;2017;258634.00;5812.00
42967;35;941;261;3661;2;2017;164777.67;5069.00
42967;35;948;261;3661;2;2017;198975.00;18375.00
42967;35;727;261;3661;2;2017;652831.42;14287.40
41560;19;704;557;3530;2;2015;840000.00;280000.00
42969;19;4;850;3530;1;2017;5000000.00;3334000.00
41560;19;680;993;3530;2;2015;840000.00;280000.00
41560;19;667;679;3530;2;2015;840000.00;280000.00
42981;20;695;845;3477;2;2017;94302.00;5846.72
42453;40;18;236;3517;2;2016;391660.00;0.00
36210;40;945;855;3517;1;2017;2324381.40;23478.60
42447;40;335;855;3517;1;2016;99000.00;1000.00
42989;40;1246;107;3517;2;2017;432000.00;34094.20
40169;7;24;689;3458;2;2015;243750.00;6250.00
42967;7;684;689;3458;1;2017;219177.00;4473.00
42505;7;733;689;3458;2;2016;326906.00;6671.55
42962;7;742;689;3458;2;2016;200000.00;5000.00
42960;7;673;689;3458;1;2016;850000.00;80000.00
42960;7;51;1143;3458;2;2016;3000000.00;61224.50
42967;7;696;1143;3458;2;2017;949767.00;19383.00
42960;7;946;1143;3458;1;2016;1000000.00;20408.16
42963;7;403;1143;3458;2;2016;300000.00;3000.00
41581;50;308;108;3493;2;2016;500000.00;10205.00
42030;50;735;694;3493;2;2016;30000000.00;676009.22
42962;45;947;689;3555;2;2016;260175.90;5312.50
42962;45;655;689;3555;2;2016;1936598.86;217517.50
42050;31;728;557;3556;2;2016;3869537.50;2336000.00
42967;31;32;107;3556;2;2017;107200.00;2800.00
42962;31;731;689;3556;1;2016;799999.82;16350.00
42962;31;53;689;3556;1;2016;750000.00;15450.00
42975;31;42;689;3556;2;2017;195000.00;4500.00
42975;31;757;689;3556;2;2017;1160250.00;23679.00
42975;31;701;1143;3556;2;2017;3200000.00;65306.36
42975;31;739;1143;3556;2;2017;290000.00;6000.00
42980;31;743;1143;3556;2;2017;380000.00;7755.10
42984;31;935;1143;3556;2;2017;4000000.00;81647.60
42960;31;1;1143;3556;2;2016;8100000.00;165307.00
42975;31;8;1143;3556;2;2017;800000.00;16326.56
42975;31;718;1143;3556;2;2017;100000.00;2041.00
42953;58;6;648;3468;2;2016;400000.00;44445.00
42975;58;1236;648;3468;2;2017;250000.00;28000.00
38856;58;334;636;3468;2;2014;38400.00;0.00
38856;58;664;493;3468;2;2014;64800.00;0.00
40999;58;721;893;3468;2;2010;43200.00;0.00
38856;58;415;443;3468;2;2014;38400.00;0.00
42050;58;700;557;3468;2;2016;112900.00;57600.00
42553;58;711;557;3468;2;2016;280303.80;340693.33
42966;58;652;259;3468;2;2017;1984000.00;40500.00
42975;58;1319;689;3468;2;2017;243750.00;43804.14
36066;58;22;932;3468;2;2012;273600.00;0.00
42073;57;671;971;3503;2;2016;192000.00;38400.00
42504;57;50;81;3503;2;2016;801000.00;89000.00
42477;57;729;502;3503;2;2016;60000.00;12000.00
42954;57;746;747;3503;1;2016;18189272.59;0.00
42044;57;656;577;3503;2;2016;48000.00;9600.00
42019;57;697;1165;3503;1;2016;1745216.00;349043.20
42022;57;296;857;3503;2;2016;5983848.00;0.00
42961;57;726;857;3503;2;2016;28603.55;0.00
42095;57;434;553;3503;2;2016;87000.00;17400.00
42973;57;20;261;3503;2;2017;15007608.00;335412.00
42967;57;943;261;3503;2;2017;849593.00;17663.00
42975;57;1261;261;3503;2;2017;646017.63;13184.03
42974;57;1262;261;3503;2;2017;754600.00;15400.00
42974;57;1260;261;3503;2;2017;619415.24;12641.13
41560;57;699;261;3503;2;2015;104444.09;5500.00
41624;57;723;261;3503;2;2016;317392.00;19500.00
41559;57;745;261;3503;2;2015;400272.00;22059.17
41624;57;686;261;3503;2;2016;318249.50;18642.50
42967;57;682;261;3503;2;2017;1044131.20;21308.80
42019;57;416;594;3503;2;2016;30000.00;6000.00
41143;57;414;549;3503;2;2015;230179.20;17399.50
42086;57;57;985;3503;2;2016;1080000.00;216000.00
42457;57;658;392;3503;2;2016;63000.00;12600.00
42509;33;717;1151;3504;2;2016;261182.24;29094.84
42462;23;39;557;3450;2;2016;1500000.00;0.00
42068;23;706;557;3450;2;2016;5708448.00;0.00
38770;8;737;416;3445;2;2014;10360335.49;1151148.39
42539;25;744;332;3535;1;2016;515000.00;0.00
42539;25;663;332;3535;1;2016;250000.00;0.00
42975;25;1272;332;3535;1;2017;1700000.00;0.00
42539;25;19;332;3535;1;2016;250000.00;0.00
41575;25;675;332;3535;2;2016;500000.00;0.00
42975;25;741;332;3535;1;2017;120000.00;0.00
42975;25;678;332;3535;2;2017;100000.00;0.00
42008;26;715;1002;3455;2;2016;1500000.00;786333.33
42071;16;25;1165;3508;2;2016;0.00;0.00
41562;16;666;985;3508;2;2016;420000.00;0.00
37460;16;431;553;3340;2;2013;168000.00;0.00
